Data,ALR,MDV,ENA,JSW,KGH,MIL,PEO,PGE,PKO,PZU,SPL,TPE,value
2025-01-02,8333.333333333334,8333.333333333334,8333.333333333334,8333.333333333334,8333.333333333334,8333.333333333334,8333.333333333334,8333.333333333334,8333.333333333334,8333.333333333334,8333.333333333334,8333.333333333334,99999.99999999999
2025-01-03,8329.485639433875,8099.2509363295885,8564.080926618191,8430.00773395205,8290.798241882889,8624.57722660654,8411.231696538765,8458.482968767004,8479.584813492416,8390.757699398555,8407.45692850155,8570.175438596492,101055.89025011791
2025-01-07,8596.509253703829,7933.2652366360235,8512.818288406232,8669.760247486467,8457.39401673047,8662.157083803084,8617.921135537845,8346.936554576125,8533.015314028984,8636.593657901121,8579.233223807425,8581.140350877193,102126.7443634948
2025-01-08,8385.19263627496,7720.4630575417095,8429.483640646278,8430.00773395205,8482.206153409898,8850.056369785796,8498.087707983323,8115.68179344869,8488.01485859542,8613.267430929956,8447.245020364233,8508.771929824563,100968.47833275689
2025-01-09,8385.19263627496,7737.487231869255,8525.633947959222,8402.938901778809,8670.069473982703,9113.115370161593,8629.864666523345,8167.374034171292,8513.33515506759,8650.949749417427,8548.493268028707,8576.754385964914,101921.20882119982
2025-01-10,8561.932861546868,7924.75314947225,8564.080926618191,8236.658932714618,8620.44520062385,8976.888387824127,8776.703744695082,8093.916639460225,8541.460439713568,8636.593657901121,8658.78965177715,8550.438596491229,102142.66218883827
2025-01-13,8435.138662854491,7767.279536942458,8589.777967055212,8681.36117556071,8588.543882036014,8788.989101841415,8596.9536033633,8137.4469474371535,8448.639460091052,8550.457108803288,8440.014413799317,8552.631578947368,101577.23343873178
2025-01-14,8510.062988017606,7839.632277834525,8532.074638401238,8584.686774941994,8570.820927264995,8873.543780533635,8746.712211331493,8099.3579279573405,8448.639460091052,8523.546702438714,8581.030997570833,8548.24561403509,101858.35430041852
2025-01-15,8682.955519390052,7831.120190670753,8673.046893484125,8754.833720030936,8762.228838792005,9075.535512965052,8908.480703235104,8276.199804113614,8552.710553571958,8711.958294876056,8693.125155082682,8596.491228070176,103518.6864142825
2025-01-16,8469.715055011453,7745.999319033027,8621.784255272167,8553.750966744006,8808.308521196655,9019.165727170237,8668.81384812606,8134.726303188596,8507.710098138394,8710.15651820802,8586.46383037234,8530.701754385966,102357.29619684692
2025-01-17,8673.346855229038,7865.168539325843,8621.784255272167,8700.696055684455,8960.725932227422,9033.258173618942,8740.740445838741,8447.600391772772,8552.710553571958,8792.708887912442,8667.818032105475,8778.508771929826,103835.06689448911
2025-01-20,8767.477938126547,7648.110316649642,8967.938505864973,9145.398298530548,8989.082659861053,9066.140548665917,8821.624691790548,8480.248122755469,8634.266338754502,8828.589429731872,8738.326323991232,8925.438596491229,105012.64177121353
2025-01-21,8809.739147494793,7699.182839632278,8782.0785816811,8897.911832946636,8861.477385509714,9080.232995114618,8962.425651519616,8433.997170529983,8743.947408583024,8866.27174821934,8743.759156792741,8721.491228070176,104602.51514609403
2025-01-22,8832.793599128647,7571.50153217569,8794.89424123409,8646.558391337974,8755.139656883597,9432.544156332206,9169.048737568775,8406.790728044401,9137.701393626707,8972.150344894928,8899.256709449732,8782.894736842107,105401.27422751885
2025-01-23,8646.455280283362,7554.4773578481445,8615.409286161192,8758.700696055685,8733.872111158375,9394.964299135665,9133.151791662356,8406.790728044401,9123.63121101293,9025.990531566738,8949.870955404149,8826.754385964914,105170.0686342979
2025-01-24,8815.500117756348,7490.63670411985,8653.85626482016,8971.38437741686,9028.073160357297,9573.468620819242,9246.947100774209,8491.130699749701,9185.50683723408,9061.87107338617,8931.794438991856,8914.473684210529,106364.6430796363
2025-01-27,8844.315539651756,7516.1729656111675,8532.074638401238,8901.778808971385,8740.96129306678,9441.939120631343,9351.784761646933,8447.600391772772,9179.881780304882,9072.642985509065,8980.610911182865,8710.526315789475,105720.28951253969
2025-01-28,8896.185413181018,7086.312563840654,8775.637891239085,9261.407579273007,8606.266836807034,9554.67869222097,9495.571604122377,8578.19131570356,9345.828500006939,8966.76438883348,9027.629609610463,8815.78947368421,106410.26386852282
2025-01-29,8901.94638344257,7107.592781750085,8717.934562585111,9280.742459396752,8815.397703105064,9554.67869222097,9507.581488057798,8621.721623680489,9309.25808967638,8900.3698873134,9069.215475236557,8870.61403508772,106657.05318155291
2025-01-30,8986.468802179064,7150.153217568948,8839.716189004033,9048.723897911832,9059.97447894513,9789.552799699362,9660.325978772365,9046.142126455547,9497.689956513637,9036.743069746968,9206.616755725614,9271.929824561405,108594.0370970839
2025-01-31,9046.02349291961,7320.394960844399,8967.938505864973,8971.38437741686,8914.646249822772,9770.762871101091,9606.447383437773,8899.22733703341,9410.509114401897,8972.150344894928,9166.848419618573,9324.561403508773,108370.89446086505
2025-02-03,8844.315539651756,7265.066394279877,8884.603858105018,8870.843000773395,8716.149156387355,9592.258549417515,9438.64077309149,8757.75383610839,9247.38246345523,8914.725978829705,8911.900393060514,9203.947368421053,106647.5873115813
2025-02-04,8905.79407734203,7503.40483486551,8730.7502221381,8990.719257540602,8822.486885013472,9582.863585118377,9489.599838629627,8776.798345848298,9174.256723375687,8997.27834853413,8996.889653831748,9250.000000000002,107220.84177223759
2025-02-05,8615.716011438222,7456.58835546476,8762.822231686094,8855.3750966744,8719.693747341558,9047.350620067646,9345.812996154184,8733.268037871369,8974.574742680039,8896.78570791999,8696.74045836514,9300.438596491229,105405.16660215464
2025-02-06,8830.869752178916,7869.424582907729,8814.084869898055,8905.645784996133,9134.410888983413,9362.081924088689,9684.279393693285,8774.07770159974,9312.078158431766,9151.591801877414,9029.427383373873,9339.912280701756,108207.88452273078
2025-02-07,8978.78398496778,8001.361933946204,8833.34121989306,9280.742459396752,9378.987664823482,9620.44344231492,9846.0478855969,8817.608009576668,9489.259911410632,9165.947893393717,9094.522598213764,9429.82456140351,109936.87156493739
2025-02-10,9046.02349291961,7754.511406196799,8987.194855859978,9543.69682907966,9924.85467177088,9780.157835400227,9852.01965108965,9255.631733594517,9475.189728796855,9176.719805516614,9127.06032775589,9596.491228070177,111519.55156605085
2025-02-11,9201.622542919758,8895.131086142323,8974.379196306989,9474.091260634184,9641.287395434569,10306.275836151824,10064.747208531398,9209.38078136903,9638.316379743525,9237.728350975245,9333.191882122937,9649.122807017546,113625.27472734932
2025-02-12,9288.068808605982,8546.135512427647,9038.457494071938,9342.61407579273,9556.217212533677,10372.040586245772,10478.059733579636,9114.158232669497,9874.568770769734,9399.229537048015,9582.687320123845,9570.175438596492,114162.41272246496
2025-02-13,9234.285658714627,8490.806945863125,9051.273153624927,9358.081979891724,9666.099532113996,10287.485907553551,10514.023032435976,9372.619436282512,10057.375580677795,9463.822261900057,9582.687320123845,9561.403508771931,114639.96431795406
2025-02-14,9021.045194336026,8512.087163772558,9102.535791836885,9396.75174013921,9698.000850701832,10108.981585869975,10325.315242865068,9250.1904450974,9880.19382769893,9384.87344553171,9495.900285589205,9649.122807017546,113824.99838045632
2025-02-17,9082.523732026302,8469.526727953695,9102.535791836885,10092.807424593968,9846.873670778394,10202.931228861331,10364.264424467785,9280.117531831538,9874.568770769734,9546.37463160448,9517.611861039597,9572.368421052633,114952.50421681633
2025-02-18,9478.244250763093,8082.226762002043,9211.56748003386,10127.610208816706,9875.230398412026,10691.469372416386,10915.458379448635,9429.752965502232,10285.182846019421,9926.781995872576,9853.914089330787,9743.42105263158,117620.85980124935
2025-02-19,9338.014835185513,8154.579502894109,9179.495470485866,9880.123743232793,9726.35757833546,10653.889515219844,10687.801408275009,9484.165850473393,10153.00154847412,9736.568626767194,9716.493053086087,9688.596491228072,116399.08762365747
2025-02-20,9457.11364607897,8371.63772557031,9038.457494071938,9814.385150812064,9857.507443641007,10597.519729425028,10600.879043880534,9331.809772554141,10048.945535574792,9750.9247182835,9658.628444811111,9649.122807017546,116176.93151172093
2025-02-21,9480.168097712822,8226.932243786177,9102.535791836885,9899.458623356535,9765.348078831705,10747.8391582112,10490.069617515057,9590.270976167158,9975.81979549525,9715.04417646407,9604.398895574237,9692.982456140351,116290.86791109144
2025-02-24,9109.415306971981,8129.043241402792,8955.122846311982,9535.962877030162,9517.226712037433,10419.015407741452,10097.658271691445,9568.505822178693,9641.13644849891,9557.12716978471,9362.114308382605,9605.263157894738,113497.59156992688
2025-02-25,9193.937725708474,8154.579502894109,8846.156879446049,9497.293116782675,9428.611938182336,10710.259301014657,10268.384411834182,9590.270976167158,9694.566949035478,9664.807543128332,9412.748310092664,9546.052631578948,114007.66928586506
2025-02-26,9351.460622658353,8180.115764385427,9025.641834518947,10054.137664346481,9655.465759251383,11010.898158586999,10457.092201405092,10118.07596038742,9874.568770769734,9776.0527219227,9644.167231681278,9778.508771929824,116926.18546184362
2025-02-27,9278.460144444967,8014.130064691863,8942.307186758993,9783.449342614076,9368.353891960869,10982.713265689592,10379.26019114958,9867.776689520078,9829.56831533617,9668.391722521743,9495.900285589205,9649.122807017546,115259.43390729469
2025-02-28,9130.545911656105,8035.410282601294,8807.70990078708,9686.77494199536,9176.945980433858,10898.15858699737,10184.514283136,9690.934813363805,9717.06717675226,9675.560081308562,9412.748310092664,9692.982456140351,114109.35272526472
2025-03-03,9220.829300654152,7797.071842015662,8935.932217648018,9938.128383604022,9336.452573373033,11123.637730176626,10235.473348674137,9786.157362063337,9832.373303509976,9844.249000110818,9495.900285589205,9714.912280701756,115261.11762812074
2025-03-04,8723.29288180857,7401.259788900239,8807.70990078708,9775.71539056458,9028.073160357297,10484.780157835401,9675.321745454161,9541.299379693111,9275.507748101207,9424.33816674455,9076.446081801472,9557.017543859649,110770.76194590732
2025-03-05,9364.90641013119,7490.63670411985,8814.084869898055,9709.97679814385,9410.888983411316,10992.108229988726,10196.52416707142,9652.845793883993,9843.623417368368,9689.916172824867,9513.996557757138,9682.01754385965,114361.52564845842
2025-03-06,9555.092422875936,7597.0377936670075,8820.52556034007,9145.398298530548,9435.701120090744,11311.537016159338,10439.17690492684,9748.068342583525,10124.87626382814,9801.180725561902,9846.663727010227,9728.070175438597,115553.32835101288
2025-03-07,9609.837496242159,7660.878447395301,8935.932217648018,9002.32018561485,9332.90798241883,11424.276587748967,10511.037149689602,9750.788986832084,10265.502687058028,9829.892908594513,9839.43312044531,9730.263157894738,115893.07092758239
2025-03-10,9230.437964815166,7745.999319033027,8923.050836763987,9040.989945862335,9074.152842761947,11292.747087561069,10124.597569358739,9775.274785069105,9956.124555952276,9671.975901915153,9474.208465894455,9686.403508771931,113995.9627837592
2025-03-11,9251.56856949929,7741.743275451141,8916.675867653013,9230.47177107502,9091.875797532966,11443.066516347239,10082.66250500965,9767.112852323431,9888.623872801933,9524.830807358689,9459.74725276462,9635.964912280702,114034.34400009771
2025-03-12,9691.48471514169,7814.096016343207,9019.201144076931,9911.05955143078,9155.678434708636,12194.663660278093,10412.171254309624,10025.574055936446,10074.250751465383,9783.22108070952,9655.013141528654,9846.491228070177,117582.90503399917
2025-03-13,9941.214848039348,7784.303711270004,9115.417172720916,10653.518948182522,9400.255210548705,12081.924088688464,10564.982097974113,10175.20948960714,10408.934098461721,9811.933263742132,9843.04842372777,9978.070175438597,119758.81152840142
2025-03-14,10354.228848148436,8056.6905005107255,9358.980425558764,10626.45011600928,9722.812987381258,12166.478767380684,11026.267805814112,10561.540972902385,10985.494893413466,10012.91854497041,10251.67647342377,10526.315789473685,123649.85612498698
2025-03-17,10594.371458060348,8597.208035410282,9358.980425558764,10881.670533642691,9839.784488869987,12514.092446448705,11074.174635655952,10509.84873217978,11126.106236061774,10152.875906797386,10392.712812950926,10548.245614035088,125590.07132567168
2025-03-18,10642.361925927244,8886.61899897855,9358.980425558764,10711.523588553751,9853.962852686802,12777.151446824502,11161.03064710051,10610.51256937643,11255.48254543327,10206.716093469198,10573.517488585125,10451.754385964914,126489.61296845907
2025-03-19,10584.7522233117,9312.223357167179,9589.728018843622,10525.908739365816,9846.873670778394,12852.311161217589,10954.341208101432,10675.808031341823,11151.426532533944,10167.231998313693,10483.115150768024,10497.80701754386,126641.52710928707
2025-03-20,10363.83751230945,9490.9771876064,9724.391026146575,10104.408352668213,9797.249397419539,12673.80683953401,10783.615067958694,10624.115790619218,11010.800109304057,10070.34291103563,10392.712812950926,10416.666666666668,125452.92367421939
2025-03-21,10258.173918301198,9414.368403132448,9519.209030636657,10371.22969837587,9584.573940167305,12608.042089440061,10603.93127957683,10610.51256937643,10704.242046953694,10055.986819519325,10222.7540471641,10361.842105263158,124314.86594790708
2025-03-24,10426.267402886955,9661.218930881852,9801.284983464513,10139.21113689095,9900.042535091452,13096.580232995115,10654.823992165046,10882.576994232235,10797.04794599463,10289.268463173623,10472.26924092065,10464.912280701756,126585.50413939878
2025-03-25,11233.046363020196,9644.194756554307,9929.507300325453,9903.325599381284,9978.023536083938,13622.698233746713,10945.383559862305,11277.070410273152,11067.050678596011,10364.63310014856,10685.611646096973,10679.82456140351,129330.36974549241
2025-03-26,11218.6703638354,9567.585972080355,10038.473267191386,9555.297757153907,9662.554941159793,13556.933483652763,10936.42591162318,11168.244640330833,11038.925393950036,10378.989191664865,10645.843309989934,10743.42105263158,128511.36528526401
2025-03-27,11468.453349671236,9550.561797752809,9967.954278984422,9280.742459396752,9655.465759251383,13632.093198045848,10975.308740275976,11350.52780498422,10954.549540012104,10605.083102589677,10559.056275455292,10752.192982456141,128751.98928887585
2025-03-28,11622.043988020567,9959.141981613891,10064.104586297366,9191.802010827532,9205.302708067491,13801.20255543029,10813.606601322283,11663.401893568398,10785.797832136239,10264.140459534421,10244.44586685885,11070.175438596492,128685.16592227382
2025-03-31,11502.067818353333,9959.141981613891,9820.54133345952,8793.503480278421,8893.37870409755,13284.47951897783,10532.004681864148,10792.79573402982,10574.865737582199,10048.799086789839,10023.85309936197,10848.684210526317,125074.11538693482
2025-04-01,11828.593270425654,9950.62989445012,10128.182884062315,8805.104408352669,9091.875797532966,13575.723412251034,10843.531781735954,11219.936881053432,10647.991477661739,10325.149004993053,10291.464565286451,11096.491228070176,127804.67460587557
2025-04-02,11780.60280255876,9946.373850868233,10057.66389585535,9242.072699149265,9059.97447894513,14120.631341600903,10990.304506957771,11214.495592556317,10628.311318700346,10411.285554090886,10410.789329363219,11118.42105263158,128980.92642327776
2025-04-03,11237.908833332702,9673.987061627511,9858.988312118488,8665.893271461717,8553.097972493975,13152.95001878993,10361.278541721409,11217.216236804878,10113.62614996975,10149.291727403977,9890.06712215537,11162.280701754387,124036.58594963407
2025-04-04,9984.43798088246,9044.092611508342,9198.751820480871,8197.98917246713,7741.386643981286,11555.806087936868,9327.831346726014,10784.633801284144,9005.520096081404,9435.110078867447,9025.812080091415,10745.614035087721,114046.98575539513
2025-04-07,9597.353632244185,8775.961865849506,9006.385484523942,8507.347254447022,7652.771870126189,11499.436302142054,9001.30848017241,10145.282402873001,9129.256267942123,9313.092987950182,8832.34396509079,10644.736842105265,112105.27735546666
2025-04-08,9758.713652505887,9295.199182839633,9294.902127793814,8816.705336426914,7698.8515525308385,12025.554302893652,9351.784761646933,10572.423549896617,9489.259911410632,9772.468542529292,9409.133006810205,10986.842105263158,116471.83803254757
2025-04-09,9499.374855447215,8784.47395301328,9224.383139586851,8797.370456303172,7549.978732454276,11753.100338218715,9022.276012346958,10333.006856023507,9075.825767405557,9438.694258260855,9018.581473526498,10925.438596491229,113422.5044390781
2025-04-10,10051.666918246654,9554.817841334696,8717.934562585111,9029.38901778809,7897.348645966257,12081.924088688464,9849.033768343274,10577.864838393732,9638.316379743525,9865.773450413943,9600.783592291778,10767.543859649124,117632.39696344464
2025-04-11,10070.884246568683,9456.928838951311,8493.561938411227,8967.517401392111,7918.616191691481,12307.40323186772,9884.997067199614,10626.836434867777,9359.883602039139,9790.408813439008,9438.055433069872,10953.947368421053,117269.04056791899
2025-04-14,10421.468356100266,9737.827715355807,8474.371309747263,9110.59551430781,8166.737558485753,13077.790304396845,10196.52416707142,10722.058983567309,9643.941436672718,10131.351456494262,9803.280087620727,10789.473684210527,120275.4205740307
2025-04-15,10363.83751230945,10001.702417432754,8461.555650194274,8890.177880897138,8092.301148447471,13293.874483276966,10442.162787673215,9835.128958537383,9860.498588155955,10052.402640125916,10016.622492797052,10307.01754385965,119617.28210370723
2025-04-16,9974.829316721445,9831.460674157304,8525.633947959222,9010.054137664347,8081.667375584859,13077.790304396845,10484.097852022305,9943.954728479704,9832.373303509976,10102.639273461651,10088.94831420186,10530.701754385966,119484.15098254549
2025-04-17,10205.352691884707,9763.363976847124,8455.114959752258,9002.32018561485,8092.301148447471,13387.824126268322,10579.91151170599,10052.780498422027,9939.249385164692,10178.003910436588,10385.482206386008,11223.684210526319,121265.38881145635
2025-04-22,10431.066449673644,9622.914538644876,8782.0785816811,9172.46713070379,8290.798241882889,13716.64787673807,10792.639069147737,10395.581673740342,10144.556422789536,10353.861188025663,11014.683267823248,12074.561403508775,124791.85584435967
2025-04-23,10930.516144881321,9971.910112359552,8782.0785816811,9300.077339520496,8765.773429746208,14440.060127771516,11496.577514843157,10498.966155185548,10692.991933095303,10569.18318682758,11199.103246739907,12201.754385964914,128848.9921586166
2025-04-24,10786.439035404283,9814.436499829759,8858.972538999038,9427.6875483372,8904.01247696016,14346.11048478016,11487.55351365411,10814.560888018284,10774.547718277849,10605.083102589677,11206.333853304823,12557.01754385965,129582.75520401499
2025-04-25,10296.59800435762,9767.620020429009,9070.529503619933,9416.086620262955,8914.646249822772,14092.446448703497,11484.567630907735,10874.415061486561,10715.492160812086,10658.903915318822,11228.025672999573,12982.456140350878,129501.78742907144
2025-04-28,10349.429801361746,10052.77494041539,9064.088813177917,9416.086620262955,8879.200340280733,14007.891770011276,11523.51681251045,10980.520187180324,10662.061660275518,10666.091648048308,10978.510479243023,12824.561403508773,129404.73447627643
2025-04-29,10190.944980937003,10406.026557711952,9198.751820480871,9427.6875483372,8826.031475967675,14073.656520105225,11538.512579192246,11258.025900533246,10664.866648449326,10745.040464416656,10877.262231578548,13179.82456140351,130386.63128911346
2025-04-30,9821.143543083392,9256.894790602655,9141.048491826896,9319.412219644239,8475.11697150149,13707.252912438935,11283.849957401406,11198.17172706497,10178.306764364708,10558.43064864735,10436.096452340425,12960.526315789475,126336.25079470593
2025-05-02,9941.214848039348,9576.098059244126,9237.19879913984,9508.894044856921,8723.238338295761,14045.471627207817,11355.776555114087,11309.71814125585,10546.740452936223,10960.381837161238,10663.919826402225,13214.912280701756,129083.5648103552
2025-05-05,9806.746402723324,9363.295880149813,9230.758108697824,9551.430781129156,8709.059974478947,13613.303269447577,11319.813256257747,11391.337468712592,10507.365054431853,10946.02574564493,9955.162336995261,13157.894736842107,127552.19301551113
2025-05-06,9585.821121133438,9393.088185223016,9179.495470485866,9361.948955916474,8751.595065929394,13049.605411499439,11041.130866596068,11342.365872238546,10279.557789090226,10684.031918958022,9698.416536673794,13412.280701754387,125779.33789549867
2025-05-07,9777.930980827916,9614.402451481103,9320.533446899795,9474.091260634184,8790.585566425636,13481.773769259678,11163.883823947046,11625.312874088584,10400.50405335872,10816.820921998182,9799.664784338269,14184.210526315792,128449.7144595749
2025-05-08,9897.991715196236,9878.277153558052,9551.281040184651,9222.737819025522,8790.585566425636,13228.109733183015,11346.354436225527,11851.126346718904,10484.864826715071,10820.40510139159,9749.030782628211,14495.614035087721,129316.37855634013
2025-05-09,10315.804762092013,10325.16172965611,9743.58165481054,9187.935034802786,8950.09215936481,13622.698233746713,11837.366265629438,12019.806290129503,11007.99512113025,11143.40747353713,9893.682425437828,14552.63157894737,132600.1627292845
2025-05-12,10282.190293409916,9661.218930881852,10237.21457225929,9222.737819025522,9194.668935204878,13340.849304772642,11860.589798101246,12076.939819349223,10971.424710799689,11172.119656569743,10130.751493140011,14644.736842105265,132795.44217561928
2025-05-13,10354.228848148436,9669.731018045624,11121.82368807079,9358.081979891724,9176.945980433858,13519.35362645622,12062.966295355562,12909.45695940799,10996.745007271858,11240.31593475786,10415.234374382635,15574.561403508775,136399.44511573133
2025-05-14,10291.79895757093,9601.634320735444,11326.93996224967,8963.650425367363,9013.89479654048,13848.177376925969,12109.413360299173,12536.728697355533,11103.606008344994,11211.60375172525,10375.722863098938,15311.403508771931,135694.5740289857
2025-05-15,10243.766207353494,9716.547497446374,11256.420974042705,8836.040216550658,8772.862611654617,14299.135663284482,12003.248640428057,12270.105560996844,10915.174141507736,11333.620842642513,10375.722863098938,15087.719298245616,135110.36451725205
2025-05-16,10306.206668518636,9942.117807286346,11621.765853299474,8870.843000773395,8748.050474975189,14214.580984592261,12062.966295355562,13050.930460333007,10850.493527112778,11362.333025675123,10553.524663875574,15820.175438596494,137403.98820039385
2025-05-19,10133.314137146188,9780.38815117467,11660.278553289487,8967.517401392111,8801.219339288247,13453.588876362272,11860.589798101246,12890.412449668083,10631.116306874153,11225.959843241555,10114.946888626533,16057.01754385965,135576.34928902422
2025-05-20,10248.575824727819,9648.450800136194,11589.75956508252,8955.916473317866,8762.228838792005,13491.168733558814,12043.060410379725,12931.222113396454,10687.366876166107,11197.247660208945,10186.067608937188,16232.45614035088,135973.5210450545
2025-05-21,10123.705472985173,9712.291453864487,11615.3908841885,8952.049497293116,8673.614064936908,13519.35362645622,11903.719215548886,12893.13309391664,10572.060749408392,10784.524559572163,10126.800342011642,16241.228070175439,135117.87103035758
2025-05-22,9998.845691830164,9750.595846101463,11666.65352240046,8816.705336426914,8655.891110165889,13509.958662157085,11867.22509309319,12528.566764609861,10532.685350904021,10784.524559572163,10087.288830727945,16078.947368421053,134277.8881364102
2025-05-23,9936.405230665023,9610.146407899218,11608.950193746487,8886.310904872389,8762.228838792005,13444.193912063136,11711.295660782489,12210.25138752857,10422.989200493923,10518.946553491844,9816.634978434617,15679.824561403511,132608.1778301732
2025-05-26,10243.766207353494,10014.470548178413,11628.206543741491,8913.37973704563,9024.528569403092,14054.866591506954,12062.966295355562,12514.96354336707,10662.061660275518,10856.305017153689,10059.630772829356,15969.298245614036,136004.4437318243
2025-05-27,10306.206668518636,10137.895812053115,11698.725531948454,8847.641144624902,8921.73543173118,14233.370913190533,12248.754555130014,12574.817716835347,10839.243413254386,10946.02574564493,10110.995737498164,16057.01754385965,136922.4302142893
2025-05-28,10330.212473039717,9767.620020429009,11794.875839261398,8963.650425367363,8836.665248830286,14552.799699361145,12381.460454968908,12884.971161170966,10940.494437979904,11107.5269317177,10103.093435241424,16337.719298245616,138001.0894256134
2025-05-29,10046.867871459965,9312.223357167179,11666.65352240046,8808.971384377417,8751.595065929394,13913.94212701992,12275.295735097792,13203.286538252258,10690.186944921496,10953.19410443175,9929.242785593156,15916.666666666668,135468.12610331745
2025-05-30,9984.43798088246,9295.199182839633,11019.232690315832,8762.567672080433,8712.60456543315,13660.278090943255,12228.848670154179,12702.687996517576,10586.11585144059,10978.322108070952,9889.731274309459,15074.561403508773,132894.58748649628
2025-06-02,9801.936785348997,9022.81239359891,10999.976340320827,8824.439288476411,8889.834113143344,13068.39534009771,12169.131015226676,12797.910545217108,10257.057561373445,11114.695290504522,9790.952496100215,15460.526315789475,132197.66748519763
2025-06-03,9653.060629085268,8975.995914198162,11006.417030762841,8669.760247486467,8687.792428753723,12852.311161217589,11744.472135742211,12977.47306562194,10099.555967355973,11042.914832922994,9583.517061860804,15350.877192982458,130644.14766799044
2025-06-04,9681.876050980678,9073.884916581545,11211.53330494172,9010.054137664347,8950.09215936481,13275.084554678695,11943.530985500554,13453.5858091196,10096.750979182163,11125.467202627417,9613.150695323577,15513.157894736843,132948.16869070195
2025-06-05,9435.983041394846,8588.69594824651,11025.673380757846,8720.030935808198,9301.006663830995,12871.10108981586,11684.754480814709,13137.991076286866,9905.49904358952,10971.134375341466,9449.177923496232,15364.035087719301,130455.08304710234
2025-06-06,9316.88423050139,8416.326183180116,11025.673380757846,8634.957463263727,9084.786615624558,12786.546411123638,11389.483853673168,13412.776145391228,9708.637131649257,10917.31356261232,9168.646193381981,15250.000000000002,129112.03117115922
2025-06-09,9386.037014815314,8541.87946884576,11249.98028360069,8634.957463263727,9169.856798525452,13049.605411499439,11548.730933479843,13834.476003917729,9905.49904358952,11017.806203226459,9322.7410873884,15539.473684210529,131201.04339636286
2025-06-10,9581.983997821615,8450.374531835207,11320.499271807654,8778.035576179427,9187.579753296472,13077.790304396845,11923.62510052472,14433.017738600502,10248.627516270442,11294.136747487006,9478.811556959005,16131.578947368424,133906.0610425473
2025-06-11,9532.037971242084,8484.422880490296,11378.202600461627,8700.696055684455,9095.420388487171,13040.210447200303,12096.142770315284,14535.04189792143,10220.502231624463,11261.840385060985,9391.88623213487,16447.368421052633,134183.7722816756
2025-06-12,9497.46157908512,8326.949267960505,11410.274610009623,8546.01701469451,8939.4583865022,12983.840661405487,11943.530985500554,14603.058004135379,10063.000637606992,10963.966016554647,9439.300045675307,16267.543859649126,132984.40106877944
2025-06-13,9268.862050871589,8314.181137214844,11025.673380757846,8348.801237432328,8779.951793563025,12664.411875234877,11727.88389826235,13059.092393078681,9894.248929731128,10587.142831679961,9245.69364038519,15986.84210526316,128902.78527347496
2025-06-16,9345.699652396797,8099.2509363295885,10999.976340320827,8290.796597061099,8872.111158372325,12795.941375422773,11734.519193254295,13426.379366634019,9897.068998486515,10558.43064864735,9251.620367077745,16263.157894736845,129534.95252874018
2025-06-17,9518.592183769244,7929.0091930541375,11346.130590913632,8186.388244392885,8751.595065929394,12842.916196918453,11711.295660782489,14113.342039394929,9905.49904358952,10759.39655593296,9364.228174236283,17149.122807017546,131577.5157559315
2025-06-18,9472.483280501538,7750.255362614913,11608.950193746487,8043.310131477185,8694.88161066213,12495.302517850434,11625.036825887206,14453.422570464687,9849.248474297563,10669.675827441717,9218.035582486602,17982.456140350878,131863.05851778135
2025-06-20,9453.276522767144,7875.808648280559,11019.232690315832,8190.255220417634,8631.078973486461,12805.336339721911,11651.578005854984,14412.612906736316,9916.749157447908,10784.524559572163,9253.595942641929,17407.894736842107,131401.94370408496
2025-06-23,9124.78494139455,7788.55975485189,11314.124302696679,8016.241299303944,8542.464199631364,12391.95791055994,11309.86031376983,14630.264446620962,9638.316379743525,10662.507468654898,9040.233781709965,17692.98245614035,130152.2972550779
2025-06-24,9595.429785294453,7686.414708886618,11538.49692687056,8174.787316318639,8847.299021692897,12974.445697106354,12016.519230411946,14793.503101534445,10223.307219798273,10971.134375341466,9348.423569722803,17899.12280701755,134068.883759996
2025-06-25,9514.744489869785,7873.680626489615,11628.206543741491,8186.388244392885,8776.40720260882,12899.285982713267,11761.060373222073,15242.409402546524,9998.320023212034,11017.806203226459,9231.864611435896,17925.43859649123,134055.6122999501
2025-06-26,9653.060629085268,8331.20531154239,12198.73341850818,8213.457076566125,9215.936480930102,13087.185268695981,12086.189827827367,15385.243225595823,10363.933643028158,11211.60375172525,9344.472418594434,18228.070175438595,137319.0912275377
2025-06-27,9805.277091041937,8622.7442969016,12391.034033134067,8418.406805877803,9145.044661846025,13087.185268695981,12076.23688533945,15283.219066274894,10369.558699957353,11129.051382020825,9522.274219371073,18096.49122807018,137946.5236385312
2025-06-30,9999.77590354212,8703.60912495744,12538.44697865897,8294.663573085847,9137.955479937616,13434.798947764,12275.295735097792,15514.47382740233,10580.490794511394,11304.908659609902,9751.440984816518,18447.368421052637,139983.22843043657
2025-07-01,9856.015911694158,8584.439904664623,13166.677182079633,8302.397525135344,9169.856798525452,13547.538519353628,12109.413360299173,15725.32375666558,10439.864371281506,11154.179385660027,9621.052997580317,18622.807017543862,140299.56673048332
2025-07-02,9984.977080851888,8575.927817500851,12820.522931486828,8491.879350348028,9641.287395434569,13462.983840661407,12189.036900202509,15235.607791925127,10608.616079157371,11243.90011415127,9682.295840070046,18179.824561403508,140116.8597031934
2025-07-03,10454.311171884945,8529.111338100103,13217.939820291595,9296.210363495746,9563.306394442083,14092.446448703497,12557.295772255444,15480.465774295355,10895.49398254634,11405.401300224039,10253.237178119474,18701.754385964916,144446.97393032353
2025-07-04,10253.470006803233,8465.270684371808,12910.232548357755,9095.127610208816,9389.621437686092,13848.177376925969,12507.531059815858,15534.878659266515,10816.743185537603,11071.627015955604,10126.800342011642,18578.947368421053,142598.42729536194
2025-07-07,10460.653524466472,8482.294858699353,13141.045862973655,8836.040216550658,9315.18502764781,13801.20255543029,12500.895764823914,15670.910871694417,10819.548173711411,10946.02574564493,10134.702644268382,19267.543859649126,143376.04910556044
2025-07-08,10623.44057405902,8490.806945863125,12948.745248347768,8808.971384377417,9378.987664823482,13575.723412251034,12636.91931215878,15534.878659266515,11038.925393950036,11179.288015356562,10225.579120220886,18640.350877192985,143082.6166078676
2025-07-09,10776.714094779274,8631.256384065373,13076.901843877666,8720.030935808198,9215.936480930102,13575.723412251034,12706.5899095742,16126.618783327895,11162.676646392336,10953.19410443175,10193.969911193928,18969.298245614038,144108.9107522458
2025-07-10,10447.968819303416,8529.111338100103,12801.266581491824,8894.044856921886,9279.739118105772,13040.210447200303,12285.248677585709,15800.141473500926,10912.369153333926,10712.744101990635,10000.36350590381,18881.578947368424,141584.78702080675
2025-07-11,10206.959421205362,8282.260810350697,12871.785569698788,8874.709976798144,9410.888983411316,12871.10108981586,12271.97808760182,16031.39623462836,10951.744551838294,10777.336826842675,9945.047390106634,19096.49122807018,141591.7001703681
2025-07-14,10261.926476911935,8207.780047667688,12884.601229251777,8870.843000773395,9414.433574365521,12777.151446824502,12408.001634936687,16221.841332027427,10993.924938516471,10719.93183472012,9976.656599133592,19399.122807017546,142136.21492214667
2025-07-15,10190.046480987954,8180.115764385427,13012.823546112717,8770.30162412993,9315.18502764781,13096.580232995115,12404.683987440714,16174.23005767766,11041.745462705423,10745.040464416656,9933.193936721525,19346.491228070176,142210.4378132911
2025-07-16,10240.785301640175,8263.10861423221,13315.141668901195,8584.686774941994,9258.47157238055,12993.235625704623,12517.484002303776,16323.865491348351,11097.980951415797,10709.159922597224,9824.537280691358,19557.01754385965,142685.47475001687
2025-07-17,10414.142938868601,8467.39870616275,13249.42033786022,8565.351894818252,9247.837799517936,13519.35362645622,12796.166391965455,16575.525084339974,11339.858399371202,10938.838012915445,10110.995737498164,19517.543859649126,144742.43278942333
2025-07-18,10623.44057405902,9103.67722165475,13209.987539235637,8890.177880897138,9343.541755281443,13866.96730552424,13121.295846570749,16650.34280117532,11562.040607783634,11161.347744446848,10265.090631504583,19232.456140350878,147030.36604848423
2025-07-21,10586.44351733344,8924.923391215525,12966.818614384036,9551.430781129156,9499.503757266413,13697.8579481398,13058.260544147273,16541.517031232997,11325.803297339004,11146.991652930541,10324.35789843013,19276.315789473683,146900.22422302203
2025-07-22,10433.169996613186,8869.594824651005,12973.39074748813,10131.477184841453,9581.029349213102,13632.093198045848,12972.001709251992,16527.91380999021,11221.732203858097,11082.398928078499,10241.383724734364,18899.122807017546,146565.30848378345
2025-07-23,10443.740584249064,8878.106911814777,13275.708870276609,10668.986852281516,9765.348078831705,13716.64787673807,13081.48407661908,17208.07487212972,11232.982317716489,11125.467202627417,10367.820560842196,19403.508771929828,149167.8769760565
2025-07-24,10824.281739140732,8895.131086142323,13012.823546112717,10491.105955143077,9768.89266978591,14045.471627207817,13403.2958837284,17099.2491021874,11570.485733468216,11215.187931118659,10608.84077967275,19197.368421052633,150132.13447476065
2025-07-25,10855.99350204837,8873.85086823289,12907.66941644716,10363.495746326373,9634.19821352616,14177.001127395717,13443.107653680068,17031.23299597345,11584.540835500415,11215.187931118659,10620.69423305786,19087.719298245618,149794.69182155275
2025-07-28,10655.152336966657,8520.59925093633,12487.05289778493,9822.119102861561,9354.175528144053,13942.127019917325,13117.978199074774,16398.6832081837,11300.483000866834,10989.094020193847,10395.478618740786,18478.0701754386,145461.01335910943
2025-07-29,10887.705264956008,8371.63772557031,12572.490628138194,9566.89868522815,9421.522756273927,14130.026305900039,13429.837063696179,16391.881597562304,11539.540380066852,11197.247660208945,10577.231570645792,18421.05263157895,146507.07226982564
2025-07-30,10829.567032958672,8386.533878106913,12618.495559866877,9551.430781129156,9453.424074861763,14083.051484404361,13569.17825852702,16555.120252475786,11640.79140479237,11394.629388101144,10905.17711430048,18517.543859649126,147504.94308917367
2025-07-31,10702.719981328115,8250.34048348655,12460.76436536854,9098.994586233566,9059.97447894513,13744.832769635477,13582.448848510907,16473.500925019045,11584.540835500415,11308.492839003311,10853.812149631674,18285.087719298244,145405.509981961
2025-08-01,10471.224112102353,8060.9465440926115,12217.59544051694,8832.173240525908,8967.81511413583,13378.429161969187,13240.731156425754,16283.055827619983,11412.984139450744,11190.059927479457,10355.967107457089,17995.61403508772,142406.59580686357
2025-08-04,10602.29939878726,8094.994892747702,12066.4363791227,8797.370456303172,8989.082659861053,13519.35362645622,13529.366488575351,15942.975296550225,11569.822187878714,11236.712381421783,10565.378117260683,17675.438596491233,142589.2304814561
2025-08-05,10543.104108026333,7801.327885597549,12342.46596949479,8739.365815931942,8971.359705090033,13190.529875986473,13555.90766854313,15983.784960278595,11533.628792087644,11290.552568093597,10284.846387146432,17771.929824561405,142008.80356083793
2025-08-06,11294.672888937374,7863.0405175349,12533.057829513611,8971.38437741686,9074.152842761947,13754.227733934613,14100.001857882598,16187.83327892045,11973.981774212329,11391.045208707734,10664.156895469927,18289.473684210527,146097.02888950286
2025-08-07,12050.469904902768,7933.2652366360235,12362.18236880708,9087.393658159319,9439.245711044947,14862.833521232622,14471.578377431504,16208.238110784634,12290.67398738419,11792.996397221621,10928.8840210707,18030.701754385966,149458.46304906136
2025-08-08,12219.59930707684,7305.498808307797,12434.475832952152,9257.54060324826,9588.11853112151,15050.732807215334,14736.990177109295,16031.39623462836,12595.301735292363,11778.640305705316,11213.36690231332,17894.736842105267,150106.3980870758
2025-08-11,12156.175781261563,7277.834525025536,12158.446242580063,9327.146171693736,9495.959166312208,15050.732807215334,14531.296032359009,15392.044836217217,12498.786013182844,11692.503756607483,11142.246182002666,18425.43859649123,149148.61011094888
2025-08-12,12425.725765976493,7067.1603677221665,12342.46596949479,9435.421500386698,9637.742804480364,14853.438556933486,14577.74309730262,16072.205898356731,12574.188921080906,11778.640305705316,11304.243378265826,19197.368421052633,151266.34498675802
2025-08-13,12446.866941248252,7026.727953694246,12441.047966056249,9307.811291569993,9694.456259747627,14891.018414130027,14471.578377431504,15800.141473500926,12839.607156882086,11753.512302066116,11205.464600056583,18236.84210526316,150115.07484164677
2025-08-14,12230.16989471272,6979.911474293497,12125.585577059575,8874.709976798144,9325.818800510424,14731.304021044722,13987.201843019539,15582.489933616282,12559.108339501294,11645.851302665158,10845.909847374935,18061.403508771935,146949.46451936822
2025-08-18,12240.7404823486,7065.032345931222,12335.893836390691,8944.315545243619,9322.274209556219,14599.774520856821,14046.91949794704,15521.275438023726,12441.479803180317,11660.207394181463,10766.88682480754,18692.98245614035,147637.78235460763
2025-08-19,12351.731652525335,7537.453183520599,12355.610235702983,9048.723897911832,9400.255210548705,14900.413378429163,14159.719512810103,15507.672216780935,12507.83436213061,11739.156210549809,10968.395532354398,19153.508771929828,149630.4741651943
2025-08-20,12372.872827797095,7337.419135171945,12178.162641892355,8878.576952822892,9325.818800510424,14740.698985343857,14133.178332842323,15364.838393731636,12453.544268444006,11653.019661451975,10865.665603016783,18991.228070175443,148295.02367320075
2025-08-21,12473.293410337952,7235.274089206673,12460.76436536854,8897.911832946636,9279.739118105772,15041.3378429162,14232.707757721495,15575.688322994885,12628.47901476751,11818.105026918156,10972.346683482767,19035.087719298248,149650.73518406483
2025-08-22,11310.528770391194,7311.882873680627,12171.590508788258,8959.783449342614,9311.640436693608,13848.177376925969,12633.601664662809,15840.951137229296,11084.22746101519,11193.644106872867,10071.484226214467,18478.0701754386,142215.5821872555
2025-08-25,11437.37582202175,7567.245488593804,12165.018375684162,9060.32482598608,9347.086346235646,13970.311912814732,12719.86049955809,15806.94308412232,11229.00104417947,11376.68911719143,10332.26020068687,18894.736842105263,143906.8535591796
2025-08-26,11564.222873652305,7575.757575757576,12171.590508788258,8979.118329466357,9339.997164327238,13989.101841413005,12703.272262078228,16072.205898356731,11204.87211365209,11369.501384461943,10458.6970367947,19122.807017543862,144551.14400629228
2025-08-27,11347.525827116771,7311.882873680627,12250.456106037425,8843.774168600155,9074.152842761947,13932.73205561819,12530.754592287665,15623.299597344652,11126.453089438106,11233.128202028374,10257.188329247845,18684.21052631579,142215.55821047755
2025-08-28,11326.384651845014,7192.713653387811,12158.446242580063,8785.769528228924,9074.152842761947,13603.908305148443,12351.601627505157,15664.109261073025,11038.985716276355,11057.270924439299,10154.45839991023,19565.789473684214,141973.59062684048
2025-08-29,10961.699378407167,7103.336738168199,12046.719979810407,8754.833720030936,9074.152842761947,13237.50469748215,12159.17807273876,15432.85449994559,10707.212921524879,10867.057555333917,9996.41235477544,18521.929824561405,138862.8925855408
2025-09-01,10834.85232677661,7265.066394279877,11507.805065274428,8716.16395978345,9173.401389479655,13190.529875986473,12056.331000363614,14861.519207748397,10574.50380362429,10802.464830481877,9739.587531431407,17324.561403508775,136046.78678873886
2025-09-02,10887.705264956008,7371.467483827034,11041.183614883517,8673.627223511214,9269.10534524316,13340.849304772642,12132.63689277098,14439.819349221896,10728.325735736336,10956.77828382516,9933.193936721525,17311.40350877193,136086.09594424142
2025-09-03,10956.414084589227,7213.993871297243,11310.641072151508,8778.035576179427,9488.869984403802,13275.084554678695,12009.883935420003,14698.280552834913,10800.712527318476,10981.906287464362,9816.634978434617,17780.70175438597,137111.15917915822
2025-09-04,11294.672888937374,7277.834525025536,11507.805065274428,8762.567672080433,9293.917481922588,13472.378804960543,12484.307527344052,14779.899880291654,11099.308042594803,11053.686745045889,9913.438181079677,18859.64912280702,139799.465937364
2025-09-05,11003.981728950685,7277.834525025536,12000.715048081729,8808.971384377417,9393.166028640297,13359.639233370915,11950.166280492498,15133.5836326042,10746.422433631871,10953.19410443175,9737.611955867222,20592.105263157897,140957.391618632
2025-09-08,11352.811120934713,7482.124616956078,12217.59544051694,8940.448569218872,9467.60243867858,13923.337091319056,12145.90748275487,15507.672216780935,10987.711738905671,11093.170840201396,10028.0215638024,20508.771929824565,143655.17504989408
2025-09-09,11294.672888937374,7533.197139938713,11494.660799066232,8851.508120649652,9517.226712037433,13810.597519729426,11999.930992932084,14983.948198933509,10885.163784164306,11075.211195349015,9921.340483336415,19298.24561403509,140665.70344910925
2025-09-10,11025.122904222444,7537.453183520599,11481.516532858037,8677.494199535964,9464.057847724374,13453.588876362272,11824.095675645549,15058.765915768856,10731.341852052257,10949.609925038341,9779.099042715105,19846.49122807018,139828.637183514
2025-09-11,11368.66700238853,7916.241062308478,11534.093597690817,8778.035576179427,9488.869984403802,13763.622698233748,12019.83687790792,15167.591685711179,10948.502226798677,11017.806203226459,9952.949692363374,19951.754385964916,141907.97099317732
2025-09-12,11204.822894032397,7873.680626489615,11297.496805943314,8700.696055684455,9864.596625549413,13603.908305148443,11916.989805532776,14963.543367069324,10839.922039425468,11010.618470496973,9816.634978434617,19750.000000000004,140842.9099738068
2025-09-15,11236.534656940035,8052.434456928839,11527.521464586718,8944.315545243619,9995.746490854957,14186.396091694853,11956.801575484444,15419.251278702799,10830.8736904777,11143.40747353713,9964.803145748483,20074.561403508775,143332.64727370834
2025-09-16,11025.122904222444,7837.504256043582,11363.218136984286,9265.274555297758,9878.774989366228,13885.757234122511,11737.836840750268,14909.130482098162,10637.842246258662,10881.413646850222,9688.2225667626,19640.350877192985,140750.4487359497
2025-09-17,10998.696435132744,7826.864147088867,11231.775474902339,9273.008507347255,9588.11853112151,13735.43780533634,11764.378020718046,14725.486995320492,10553.390989412832,10870.661108669994,9640.808753222165,19320.175438596496,139528.8022068691
2025-09-18,11072.690548583902,7788.55975485189,11198.914809381853,9338.747099767981,9531.405075854247,13801.20255543029,11777.648610701935,14392.208074872131,10544.342640465064,10770.168468055856,9544.005550577107,18776.315789473683,138536.20897801593
2025-09-19,11099.117017673601,7724.7191011235955,11172.626276965464,9257.54060324826,9609.386076846735,14158.211198797446,11853.9545031093,14079.333986287953,10589.5843852039,10820.40510139159,9597.346090810097,18500.000000000004,138462.22434145794
2025-09-22,10898.275852591887,7965.18556350017,11185.770543173658,9949.729311678268,9939.033035587694,13641.488162344984,11751.107430734157,14208.564588094463,10411.633522564474,10798.880651088466,9297.058605053997,17657.894736842107,137704.6220032543
2025-09-23,11046.264079494204,8043.922369765067,11468.372266649843,9667.440061871617,10080.81667375585,14036.076662908681,11741.154488246239,14208.564588094463,10456.87526730331,10845.533105030792,9389.910656570686,18074.561403508775,139059.49162319952
2025-09-24,11019.837610404504,8099.2509363295885,11448.655867337553,10092.807424593968,10803.913228413443,13848.177376925969,11734.519193254295,14589.45478289259,10474.971965198845,10946.277606899603,9291.131878361442,18565.78947368421,140914.787344296
2025-09-25,10771.428800961334,7994.977868573374,11514.377198378525,9930.394431554525,10747.19977314618,13519.35362645622,11412.707386144973,14467.025791707478,10324.16614940272,10469.67861728946,9229.88903587171,18934.210526315794,139315.40920580228
2025-09-26,10929.987615499527,7958.801498127341,11606.387061835887,10042.536736272235,10775.556500779812,13895.152198421647,11727.88389826235,14596.256393513986,10634.826129942738,10702.16592929441,9557.8345795264,19004.385964912282,141431.7745063886
2025-09-29,10903.56114640983,7724.7191011235955,11455.228000441648,9775.71539056458,11342.691053452434,13848.177376925969,11548.730933479843,14521.43867667864,10583.552152572056,10663.418043960251,9380.032778749763,19236.84210526316,140984.10675962176
2025-09-30,10845.42291441249,7733.231188287367,11606.387061835887,8793.503480278421,11342.691053452434,13566.328447951899,11591.860350927482,14609.859614756775,10628.793897310894,10531.675233824113,9340.521267466065,19947.368421052633,140537.64293155647
2025-10-01,10914.131734045708,7939.649302008853,11527.521464586718,8894.044856921886,11771.586558911105,13838.782412626833,11707.978013286514,14426.216127979107,10734.357968368182,10713.790294894656,9636.857602093794,19057.01754385965,141161.933879583
2025-10-02,11173.111131124759,7156.537282941777,11389.506669400675,8812.838360402166,11863.745923720404,14036.076662908681,12023.15452540389,14473.827402328874,11129.469205754029,10729.28944902832,9700.07602014771,19412.28070175439,141899.91333491565
2025-10-03,11183.681718760638,7290.602655771196,11501.23293217033,8855.3750966744,12168.58074578194,14026.681698609547,12023.15452540389,14501.033844814454,11111.372507858494,10717.665083428072,9711.92947353282,19127.19298245614,142218.50326526194
2025-10-06,10813.711151504851,7037.368062648961,11435.511601129356,9095.127610208816,12320.998156812706,13895.152198421647,11887.130978069024,14378.60485362934,11051.050181540044,10566.548330624855,9532.152097191996,18785.087719298248,140798.44294107985
2025-10-07,10993.411141314806,6918.198842356146,11501.23293217033,9408.352668213456,12618.743796965833,13970.311912814732,12179.083957714594,14460.224181086083,11093.27580996296,10888.155778898366,9613.150695323577,18684.21052631579,142328.35224313667
2025-10-08,10908.846440227768,6718.164794007491,11665.536259772764,9706.109822119104,13224.868850134697,14045.471627207817,12262.025145113903,14303.787136793995,11102.324158910727,10872.656624764702,9615.12627088776,18921.05263157895,143345.9697615197
2025-10-09,10940.558203135408,6745.829077289752,11698.396925293251,10440.835266821345,13455.26726215795,14186.396091694853,12208.942785178344,14337.795189900968,11035.969599960432,10752.538180228814,9603.272817502653,18991.228070175443,144397.0294693392
2025-10-10,11040.978785676263,6647.940074906367,11954.710116353046,10425.36736272235,13327.66198780661,14317.925591882753,12242.119260138068,14514.637066057243,11159.630368913253,10775.786911429308,9676.369113377492,18951.754385964912,145034.88102522766
2025-10-13,10908.846440227768,6830.949948927477,11994.14291497763,10247.486465583914,13628.952218913939,13885.757234122511,12258.70749761793,14521.43867667864,11225.984927863548,10713.790294894656,9514.371917114333,18947.368421052633,144677.79695797496
2025-10-14,10951.128790771287,6694.756554307117,11672.108392876862,9346.48105181748,13203.601304409474,13744.832769635477,12175.766310218622,13718.848623354012,11132.48532206995,10779.661699962724,9522.274219371073,18421.05263157895,141362.99767037304
2025-10-15,11225.964069304157,6558.563159686755,12276.744638453814,9195.668986852283,13487.168580745785,14026.681698609547,12404.683987440714,14283.382304929808,11461.242000505503,10818.409585296884,9781.07461827929,19785.087719298248,145304.6713494028
2025-10-16,11067.405254765963,6213.823629553966,12408.187300535761,9052.590873936582,13558.060399829863,13848.177376925969,12384.778102464881,14501.033844814454,11370.758511027829,10717.665083428072,9526.225370499442,19517.543859649126,144166.2496074319
2025-10-17,10929.987615499527,6554.307116104869,11921.84945083256,9373.549883990718,13309.939033035591,13791.807591131155,12268.660440105848,14147.350092501905,11229.00104417947,10570.423119158273,9522.274219371073,19429.82456140351,143048.97416731447
2025-10-20,11025.122904222444,6516.002723867892,12638.211959179169,10181.747873163185,13760.102084219483,14205.186020293124,12381.460454968908,14718.685384699098,11403.935790502977,10651.793678360003,9704.02717127608,20614.0350877193,147800.31113247166
2025-10-21,11225.964069304157,6171.263193735104,12894.525150238966,10630.317092034029,13150.432440096416,14308.530627583617,12437.860462400438,14977.146588312113,11388.855208923364,10655.66846689342,9834.415158512282,21162.28070175439,148837.2591597883
2025-10-22,11479.658172565267,6060.606060606061,12940.530081967647,10193.348801237433,13192.967531546861,14627.95941375423,12693.319319590313,14909.130482098162,11542.677141035412,10903.65493303203,10016.16811041729,21535.087719298248,150095.10776714896
2025-10-23,11421.519940567929,5969.101123595506,12953.67434817584,10065.738592420726,13735.289947540055,14590.379556557686,12759.67226950976,15017.956252040483,11666.337909988233,11085.769994102571,10028.0215638024,21491.228070175443,150784.6895684766
2025-10-24,11284.102301301495,6022.301668369084,13144.266208194662,9895.591647331787,13540.337445058844,14242.765877489668,12686.684024598366,15174.393296332571,11621.096165249397,11116.7683023699,9980.607750261961,22357.45614035088,151066.37082690862
2025-10-27,11384.522883842352,5964.84508001362,13867.20084964537,9721.577726218098,13398.553806890688,14552.799699361145,12693.319319590313,15412.449668081403,11557.757722615024,11155.516187704055,9948.998541235005,22927.63157894737,152585.17306414444
2025-10-28,11564.222873652305,6341.504937010555,13946.066446894536,9938.128383604022,13565.14958173827,15304.396843291996,13061.578191643244,15711.72053542279,11802.063144204747,11434.500962109994,10126.800342011642,23037.28070175439,155833.41294333848
2025-10-29,11627.646399467583,6554.307116104869,14038.0763103519,9860.788863109048,13979.866723380124,15097.707628711012,13088.119371611025,15534.878659266515,11732.692468938529,11508.121944244893,9941.096238978264,22390.35087719299,155353.65260135673
2025-10-30,11204.822894032397,6469.186244467143,13709.469655147033,9969.064191802012,13753.012902311075,14787.673806839535,12859.20169438893,15378.441614974427,11621.096165249397,11527.495886911971,9937.145087849894,21776.315789473687,152992.9259334475
2025-10-31,10871.849383502189,6426.62580864828,13617.45979168967,10011.600928074246,13742.379129448464,14505.824877865465,12570.566362239333,15235.607791925127,11416.000255766667,11442.250539176825,9625.004148708686,21929.82456140351,151394.99357844843
2025-11-03,11051.549373312142,6633.043922369765,13630.604057897865,9822.119102861561,13522.614490287824,14693.72416384818,12680.048729606422,15140.385243225597,11578.870536826482,11593.367291980041,9808.732676177879,21710.526315789477,151865.58590418322
2025-11-04,10982.840553678927,6433.009874021111,14195.807504850236,9698.375870069605,13224.868850134697,14900.413378429163,12706.5899095742,15269.615845032104,11524.580443139876,11628.240388780783,9822.561705127173,22149.122807017546,152536.02712985544
2025-11-05,10834.85232677661,6490.466462376575,14984.463477341917,9582.366589327146,13256.770168722533,15031.942878617063,12650.18990214267,15915.768854064643,11382.82297629152,11678.612639715187,9702.051595711895,22938.596491228076,154448.90436231584
2025-11-06,10882.41997113807,6509.618658495063,15050.184808382888,9822.119102861561,13423.365943570114,14684.329199549044,12859.20169438893,15847.752747850693,11584.902769458326,11818.105026918156,9941.096238978264,23179.82456140351,155602.9207229946
2025-11-07,10993.411141314806,6043.581886278515,14458.69282901413,9609.435421500388,13444.633489295338,14825.253664036078,12799.484039461428,14854.717597127,11355.677929448215,11709.610947982514,9968.754296876854,22587.719298245618,152650.9725405809
2025-11-10,10940.558203135408,6037.197820905686,14958.174944925528,9667.440061871617,13869.984403799805,15182.262307403234,12879.107579364765,15528.077048645118,11602.99946735386,11806.480661317908,9787.001344971844,23026.315789473687,155285.59963316846
2025-11-12,10935.272909317468,5758.426966292135,14708.433886969828,9655.83913379737,13866.4398128456,14937.993235625707,12908.966406828516,15466.862553052562,11687.45072419969,11891.726009053056,10039.875017187507,22686.403508771935,154543.69016394138
2025-11-13,10940.558203135408,5839.291794347973,14853.02081525997,9528.228924980665,13930.24245002127,15304.396843291996,12889.060521852682,15704.918924801394,11536.644908403567,11856.852912252314,9901.584727694568,23289.473684210527,155574.27471025233
2025-11-14,10824.281739140732,5903.132448076268,14695.289620761632,9435.421500386698,13823.904721395153,15172.867343104097,12670.095787118504,15568.88671237349,11370.758511027829,11752.233621850088,9781.07461827929,23311.403508771935,154309.35013228573
2025-11-17,10676.293512238417,5873.340143003064,14484.981361430519,9257.54060324826,13625.407627959736,14956.783164223978,12640.236959654754,14732.288605941889,11277.258905234232,11690.237005315435,9715.88062466119,23333.333333333336,152263.5818462448
2025-11-18,10524.07705028175,6001.021450459652,13085.117010257787,9106.728538283063,13398.553806890688,14759.48891394213,12451.131052384328,13780.06311894657,11093.27580996296,11438.375750643409,9559.810155090585,20684.210526315794,145881.8531834587
2025-11-19,10866.564089684249,6043.581886278515,13071.972744049592,9280.742459396752,13859.350630937191,15107.102593010146,12852.566399396985,13841.277614539125,11370.758511027829,11558.494195179297,9838.36630964065,21035.087719298248,148725.86515243858
2025-11-20,10792.569976233091,5926.540687776643,13630.604057897865,9280.742459396752,13830.99390330356,15031.942878617063,12826.025219429208,14147.350092501905,11358.694045764138,11973.096568254787,9844.293036333207,21929.82456140351,150572.67748691174
2025-11-21,10570.58763587962,5960.589036431734,13380.862999942166,9168.600154679041,13543.882036013047,14768.883878241264,12723.178147054063,13956.904995102841,11123.436973122185,11829.729392518404,9694.149293455155,21342.105263157897,148062.90980559742
2025-11-24,10628.725867876958,5800.987402110998,13144.266208194662,9180.201082753287,13887.707358570824,14834.648628335213,12723.178147054063,13644.030906518663,11201.855997336168,11895.600797586472,9719.831775789558,20916.666666666668,147577.70083879353
2025-11-25,10908.846440227768,5741.40279196459,13301.997402692998,9203.40293890178,14061.392315326813,15031.942878617063,13217.507623953947,13195.124605506584,11590.935002090171,12147.4620522585,10079.386528471205,19956.140350877195,148435.54093088864
2025-11-26,11025.122904222444,5447.735784814437,13085.117010257787,9358.081979891724,14532.82291223593,15031.942878617063,13330.307638817008,13437.261943628253,11732.692468938529,12224.957822926814,10193.969911193928,20149.12280701755,149549.13606256145
2025-11-27,10988.125847496865,5539.240721824992,13183.699006819246,9195.668986852283,14561.179639869562,14806.463735437806,13330.307638817008,13412.776145391228,11744.756934202218,12240.456977060478,10233.481422477626,20460.526315789477,149696.68337203877
2025-11-28,10935.272909317468,5749.914879128362,13223.13180544383,9218.870843000774,15007.798100099251,14674.934235249906,13267.272336393531,13420.938078136904,11672.370142620079,12178.460360525823,10174.21415555208,20789.47368421053,150312.65152967852
2025-12-01,11088.546430037723,5490.2962206332995,13111.405542674176,9191.802010827532,15447.327378420534,14496.42991356633,13234.095861433809,12825.11698770269,11768.8858647296,12263.705708260972,10107.044586369793,19986.84210526316,149011.49860991962
2025-12-02,10803.140563868972,5426.455566905005,12815.659552989797,9002.32018561485,15454.41656032894,14054.866591506954,13061.578191643244,12229.295897268474,11596.967234722017,12240.456977060478,9516.347492678517,19736.84210526316,145938.3469198504
2025-12-03,10745.002331871634,5092.3561457269325,12559.34636193,9060.32482598608,15801.786473840923,14270.950770387073,13058.260544147273,12027.968222875179,11687.45072419969,12046.717550389687,9522.274219371073,19285.087719298248,145157.5258900238
2025-12-04,10781.999388597213,5015.747361252979,12625.067692970973,8758.700696055685,15957.748475825892,14064.26155580609,13137.884084050609,11712.373490042442,11711.579654727071,12252.081342660726,9522.274219371073,18605.26315789474,144144.98111925548
2025-12-05,10803.140563868972,5009.36329588015,12789.371020573408,8778.035576179427,16659.57748475826,13932.73205561819,12991.907594227827,11709.652845793886,11660.305677356388,12139.712475191665,9463.006952445527,19078.947368421053,145015.75291031477
2025-12-08,10887.705264956008,4888.06605379639,12611.92342676278,8565.351894818252,16617.042393307816,14411.875234874109,13154.472321530471,11432.147132440963,11741.740817886295,12178.460360525823,9559.810155090585,18671.052631578947,144719.64768756845
2025-12-09,11178.396424942699,4964.6748382703445,12671.072624699656,8422.273781902553,16716.290940025527,14919.203307027436,13443.107653680068,11492.00130590924,12064.465263690003,12399.323306930524,9759.343287073256,18763.157894736843,146793.31062888817
2025-12-10,11157.25524967094,5151.94075587334,12947.102215071742,8723.897911832946,17120.374308804767,15013.152950018792,13496.190013615627,11747.741865273696,12139.868171588067,12496.193020265919,9828.488431819727,19798.24561403509,149620.45050787064
2025-12-11,11384.522883842352,5120.020429009193,12749.938221948822,8642.691415313226,17368.49567559904,15031.942878617063,13735.060633325638,11853.846990967462,12272.577289488656,12612.436676268391,10107.044586369793,19359.64912280702,150238.22680355667
2025-12-12,11416.23464674999,5147.684712291454,12861.664484718478,8472.544470224284,17333.049766057,14937.993235625707,13681.97827339008,11698.770268799652,12245.432242645355,12655.059350135965,10193.969911193928,19078.947368421053,149723.32873025295
2025-12-15,11839.058152185175,5368.998978549541,12809.087419885698,8515.08120649652,17779.66822628669,15116.497557309283,13973.93125303565,11734.138644030907,12592.28561897644,12957.292855742397,10367.820560842196,19368.421052631584,152422.2815259721
2025-12-16,11617.075811831703,4934.88253319714,12480.480764680831,8472.544470224284,17985.254501630516,14928.598271326571,13841.225353196753,11628.033518337143,12489.737664235075,12953.418067208982,10328.309049558498,18921.05263157895,150580.61263700644
2025-12-17,11479.658172565267,5149.812734082397,13275.708870276609,8283.062645011601,18403.516234226576,15003.757985719656,13522.731193583406,12270.105560996844,12447.512035812162,12965.04243280923,10348.064805200347,20087.719298245618,153236.69196852972
2025-12-18,11474.372878747328,5107.252298263535,12625.067692970973,8271.461716937356,18169.573231249116,15116.497557309283,13602.354733486743,11802.15475024486,12628.47901476751,12953.418067208982,10280.895236018061,19004.385964912282,151035.913142116
2025-12-19,11839.058152185175,5124.276472591079,12631.63982607507,8306.264501160093,18502.764780944282,15529.875986471254,13808.04887823703,11657.960605071283,12688.801341085962,13158.78185948002,10644.401139828078,19166.666666666668,153058.54020979596
2025-12-22,11817.916976913415,4973.186925434116,12874.808750926672,8445.475638051044,19310.931518502766,15689.59037955656,13635.531208446466,11753.183153770815,12791.349295827325,13154.907070946605,10747.13106916569,19451.754385964912,154645.7663735064
2025-12-23,11738.637569644317,4966.802860061287,12730.221822636531,8600.154679040988,19410.180065220477,15858.699736941,13575.813553518963,11753.183153770815,12734.043085824798,13077.411300278287,10715.521860138733,19035.087719298248,154195.75740637447
2025-12-29,11664.64345619316,5102.996254681649,12782.79888746931,8789.636504253675,19360.555791861625,15774.14505824878,13509.460603599515,11927.30438567853,12761.188132668101,12802.301314405766,10743.17991803732,18912.28070175439,154130.4910088518
2025-12-30,11675.21404382904,5090.228123935989,12802.515286781601,9048.723897911832,19906.42279880902,15623.825629462608,13608.990028478687,11976.275982152574,12842.623273198009,12930.169336008486,10774.78912706428,18951.754385964912,155231.53191359705
