Data,ACP,BFT,BDX,CDR,CPS,DNP,KTY,KRU,LPP,OPL,PKN,RBW,SNT,XTB,value
2025-01-02,7142.857142857144,7142.857142857143,7142.857142857143,7142.857142857143,7142.857142857143,7142.857142857143,7142.857142857142,7142.857142857143,7142.857142857143,7142.857142857143,7142.857142857143,7142.857142857143,7142.857142857143,7142.857142857143,100000.00000000001
2025-01-03,7278.196992161117,7241.379310344828,7074.258143694553,7238.812495091088,7127.72397094431,7176.692666595434,7076.00560821651,7173.59766250589,7205.474550496467,7047.620123515616,7125.48856895713,7121.445904335946,7125.821030695776,7109.513864482805,100122.03089203747
2025-01-07,7199.242987591275,7586.206896551725,7044.441984022156,7135.484511546504,7122.679580306699,7069.8436442639895,7065.726651113587,7159.933224660863,7236.829844649194,7019.044983101027,7226.042651365721,6832.790688716844,6870.096164273551,7468.430815805199,100036.79462796834
2025-01-08,7105.261460463256,7352.216748768473,7002.680647409877,6810.644153095838,7047.013720742535,6970.117890087973,7040.012838297008,7071.159033693824,6945.919804991502,6959.998434570493,7234.011029355692,6747.202378120207,6835.987303150471,7397.825238659915,98520.05068140705
2025-01-09,7060.1481773619325,7512.315270935961,6904.265488574891,6984.1047550878575,7105.024213075061,7176.692666595434,7076.00560821651,7156.5215807021705,6986.220443092704,6927.620672222866,7202.900116070631,6768.6136166414035,6887.168913235264,7423.319941239978,99170.92146305267
2025-01-10,7056.385537579864,7475.369458128079,6922.152065533174,7093.027046812875,7062.146892655367,7247.925348149733,7137.712190952592,7286.271223194035,6977.228508811164,6847.614313674148,7271.627376234126,6747.202378120207,7108.748281734063,7413.5118552474005,99646.92247682682
2025-01-13,7030.070095675484,7315.2709359605915,6928.124654003115,7013.669377127505,6872.982243744956,7078.747729458276,7040.012838297008,7149.698292784784,6677.419715538063,6836.186274814378,7264.390470442454,6597.493638936281,7194.002116141589,7044.797352933493,98042.865735858
2025-01-14,7067.6657780693695,7364.532019704434,6859.525654840525,7087.4697870309865,6996.569814366424,7301.3498593154545,7060.581699209035,7289.682867152727,6722.146435280437,6809.527575161798,7299.11205500422,6629.610496718076,7194.002116141589,6980.080841384182,98661.85699937926
2025-01-15,7180.45282525103,7376.847290640394,6880.406323146665,7181.60976773618,7062.146892655367,7721.622680485808,7204.574672299404,7477.466180962884,6847.474431225214,6919.995255296134,7464.051254101302,6629.610496718076,7449.726982563814,7060.4839695209785,100456.46902260324
2025-01-16,7259.399150964173,7364.532019704434,6835.6664894123005,7644.899991552966,7135.290556900726,7753.677387185241,7168.570955673722,7361.380976316046,6892.201150967589,6952.383104174089,7451.024823676292,6693.7309253053645,7398.582009279368,7207.584189407521,101118.92373051983
2025-01-17,7195.488026665906,7266.009852216749,6922.152065533174,8065.6957022375755,7352.199354317998,7760.800655340671,7235.422490314354,7183.832594381969,7004.111130989653,7045.713769283933,7595.700686556693,6693.7309253053645,7620.1980145785155,7435.087537430861,102376.14280515343
2025-01-20,7266.916751671612,7500.0,7101.0958062448635,7999.267923644733,7377.421307506053,7855.1839584001145,7276.560212138409,7296.506155070114,7062.302456987804,7022.857691564393,7669.485999155228,6896.911117304133,7944.0673296462055,7595.90432870552,103864.48103803917
2025-01-21,7330.827875969878,7278.325123152709,6895.314402982864,8224.448090006861,7379.943502824859,7799.978630195534,7271.4262069400365,7255.530703545288,7089.138488833229,7053.329099680338,7672.380761471896,6929.027975085928,7961.140078607919,7590.0257981106115,103730.83673740795
2025-01-22,7428.572042879965,7266.009852216749,6999.7021502877915,7818.360593544984,7526.230831315577,7976.27951704242,7554.256254510044,7378.457058119767,7160.747830754093,7091.425924723014,7639.106558068465,6843.439664489291,7722.487961147406,7597.8638389038215,104002.94007800339
2025-01-23,7571.429492891376,7290.64039408867,7184.602885243652,7851.5930070406785,7382.465698143664,8031.4848452470005,7538.8323455025675,7303.3294429874995,7124.919864627129,7076.185177399879,7668.038617996894,6683.081949532918,7739.524073308772,7456.663219614319,103902.79101362503
2025-01-24,7819.533352806914,7253.694581280788,7396.356876975593,7644.899991552966,7440.476190476191,7978.060334081277,7610.817885341572,7337.48160659494,7241.302516623431,7199.997337155994,7624.632746485121,6683.081949532918,7790.669046593217,7472.3498362018045,104493.35425170272
2025-01-27,7857.159750627594,7155.172413793104,7348.638546119143,7567.357693396346,7337.066182405166,8104.498343840154,7487.404719869411,7279.430073266393,7241.302516623431,7453.330632832947,7566.768626628265,6576.139043903234,7614.006395319869,7303.684469132869,103891.95940775794
2025-01-28,7999.986485212212,7179.802955665025,7211.456142019733,7493.520235094318,7468.220338983051,8293.264949959042,7610.817885341572,7334.0699626362475,7299.493842621582,7504.7618509670765,7579.795057053276,6554.727805382037,7773.010108825951,7325.260151316329,104628.18777107744
2025-01-29,7992.461205648076,7044.334975369458,7193.553970835679,7548.907590920476,7508.575464083939,8147.237952772733,7713.673136607888,7221.396401948103,7250.247860571906,7466.665025924401,7566.768626628265,6437.135923979908,7649.324270854399,7246.805998376767,103987.08840452202
2025-01-30,8075.162492286589,7315.2709359605915,7220.39163338599,7788.833019903883,7758.272800645683,7942.443993304129,7867.9450668011805,7398.94478388218,7317.384530518531,7605.7179330036515,7728.813063408679,6469.196138273552,7666.983208621666,7415.471365445704,105570.83096544199
2025-01-31,8894.726867674564,7339.901477832513,7124.954971673089,7792.537859758475,7796.105730427765,8019.019125974998,7847.376205889153,7316.993880832527,7366.583922235143,7594.279807613556,7782.335039790532,6650.965091751123,7773.010108825951,6432.892886008761,105731.68297628814
2025-02-03,8691.697896576858,7105.911330049262,7080.230732164494,7707.622930291216,7682.606941081517,7992.306870392137,7667.390462879282,7200.90867618569,7169.693174702567,7417.140162021954,7663.69647452189,6554.727805382037,7578.651882984991,6275.984580129641,103788.56991936354
2025-02-04,8909.777426802835,7130.541871921183,7157.765222693341,7929.135305197297,7707.828894269572,8011.895857819569,7821.662393072575,7252.119059586595,7357.685168619733,7485.708395180575,7844.556866360653,6650.965091751123,7773.010108825951,6332.863050885741,105365.51471298674
2025-02-05,9097.755838772267,7118.226600985222,7008.653235879819,8180.138205345936,7415.254237288135,8132.991416461874,7765.100762241045,7241.884127710516,7339.747890389719,7428.568200881724,7935.695189620939,6704.436544565963,8249.984612543854,6323.054964893164,105941.49182758016
2025-02-06,9120.331677464676,7290.64039408867,7396.356876975593,8084.1458047134465,7490.9200968523,8095.594258645868,7903.937836720683,7436.490729438057,7742.567910069476,7539.045967546387,8052.886373731247,6929.027975085928,8302.96142584565,6423.084800016183,107807.99212719417
2025-02-07,8977.428154313076,7266.009852216749,7836.269985949603,7995.563083790141,7528.753026634383,8179.292659472167,8233.061504725474,7474.054537004191,7742.567910069476,7540.95232177807,8122.345106093039,6939.676950858376,8179.312224674445,6332.863050885741,108348.15036846494
2025-02-10,9240.582573356885,7487.68472906404,7903.371939438265,8084.1458047134465,7639.729620661824,8207.785732093886,8258.775317542053,7559.417084012536,7702.267271968275,7556.193069101206,8197.577799849909,6939.676950858376,8179.312224674445,6411.317203825302,109367.83732116046
2025-02-11,9428.56098532632,7463.054187192119,7910.825979356364,8279.798397434473,7743.139628732849,8280.79923068704,8176.4889271877655,7661.837850814348,7814.177251990339,7676.192520393955,8313.321602801881,6832.790688716844,8126.298774572301,6364.246819061779,110071.5328442684
2025-02-12,9774.416691008644,7549.261083743842,7903.371939438265,8464.373518990269,7685.129136400323,8352.031912241337,8279.344178454081,7641.367987062189,7876.794659629663,7708.5702827415835,8253.99453854843,6811.379450195646,8302.96142584565,6260.297963542155,110863.29476784206
2025-02-13,9864.643257211292,7549.261083743842,8186.687833229112,8375.790798066962,7710.351089588377,8428.607044912207,8330.760857381058,7685.755082545708,8006.595327548677,8026.66918964412,8303.18993469354,6832.790688716844,8214.630100208975,6452.498522992852,111968.23081048358
2025-02-14,9714.291243062538,7697.04433497537,8268.713460779742,8372.08595821237,7566.585956416465,8421.483776756777,8222.77160091637,7624.291905258468,7970.813951754778,8017.137418485705,8332.121994621968,6811.379450195646,8020.308511168361,6619.204379863484,111658.23394246802
2025-02-17,9849.59269808302,7623.152709359606,8283.62154061594,8490.196252776777,7566.585956416465,8476.689104961357,8407.902295830794,7747.200397822693,8082.677341443779,7946.662831095402,8426.170643437184,6822.085069456244,8037.967448935627,6717.264169787135,112477.76846002201
2025-02-18,10353.402486045215,8004.926108374385,8507.305115061996,8453.296047825037,7566.585956416465,8804.359440111124,8572.46412983319,7532.1060703327375,8167.75128962042,8064.755928156469,8825.476647516622,6950.3825701189735,8037.967448935627,6732.9613213756875,114573.74055972396
2025-02-19,10150.37351494751,7536.945812807882,8305.983660370237,8427.473314038529,7289.14447134786,8619.154468069952,8474.753830471427,7364.7926202747385,8131.9233234934545,7889.522636796551,8795.097206429858,6800.6738309350485,8108.639836805036,6756.496513757447,112650.97504054551
2025-02-20,10157.898794511644,7463.054187192119,8298.529620452138,8335.18575326063,7011.702986279258,8567.510773943086,8341.050761190161,7296.506155070114,8082.677341443779,7839.997772894104,8698.169358536234,6779.319235902002,8090.9808990377705,6693.728977405373,111656.31261711841
2025-02-21,10368.453045173486,7216.748768472907,8320.907334432208,8423.768474183937,7203.389830508474,8638.743455497382,8418.192199639898,7375.0454141610735,8181.1693055431315,7946.662831095402,8734.338324256334,6843.439664489291,8002.649573401096,6678.042360817888,112351.55058167249
2025-02-24,10263.175919842566,7044.334975369458,8052.483926251787,8183.843045200529,7021.7917675544795,8458.880934572782,8320.481900278135,7282.859579235342,8055.841309598354,7807.620010546476,8666.342536291137,6896.911117304133,7914.318247764422,6583.901591290842,110552.78686110044
2025-02-25,10233.074801586023,7118.226600985222,7925.734059192562,8146.905791850242,6961.259079903148,8482.031556077929,8397.61239202169,7416.003003675644,8078.204669469541,7868.5729133086925,8774.849433451438,6896.911117304133,7949.636123298954,6444.660482199642,110693.68202432487
2025-02-26,10458.679611376134,7216.748768472907,8082.315680149954,8228.115881462909,7175.645682001614,8560.387505787656,8546.750317016611,7556.005440053844,8234.84136923398,8030.4718115771575,8939.788632548521,6950.3825701189735,7949.636123298954,6570.174484901659,112499.94387800086
2025-02-27,10481.17866150156,7056.650246305419,8074.861640231856,8047.245599761705,7084.846650524617,8419.702959717919,8315.336948373582,7409.179715758259,8145.341339416168,7878.09459793678,9103.264887249008,6736.553402347759,7843.645859895014,6476.033715374613,111071.93622439426
2025-02-28,10436.103772683728,7142.857142857143,8104.677799904251,8180.138205345936,7026.83615819209,8825.729244577413,8248.48541373295,6985.796486685479,8172.223961594656,7836.185064430739,9071.438065003911,6736.553402347759,7896.659309997156,6472.114694978008,111135.79872233121
2025-03-03,10496.229220629833,6995.073891625616,7895.9178995201655,8157.983263015473,7163.034705407586,8904.08519428714,8233.061504725474,6726.315063712005,8149.814011390405,8017.137418485705,9276.888373296099,6736.553402347759,7808.327984360482,6489.760821763796,111050.18275456752
2025-03-04,10300.725529096264,6896.551724137931,7679.688364992211,7973.4081414596785,6961.259079903148,8692.167966663106,8099.358435444209,6459.992490810889,7764.931269940664,7923.806753375861,8993.310608930373,6511.9619718277945,7313.694542875315,6179.884300404292,107750.74117986172
2025-03-05,10285.674969967993,6933.497536945813,8186.687833229112,8091.555484422631,7097.457627118644,8693.948783701964,8371.909525911293,6634.129228786273,8064.786653546829,7990.478718833126,9153.907664552453,6929.027975085928,7349.012418409846,6374.054905054357,110156.12932556626
2025-03-06,10526.330338886375,6995.073891625616,8857.738556567274,7966.035510149039,7319.410815173527,8638.743455497382,8659.88452538585,6644.364160662352,8279.61467930942,8203.80883523572,9288.467422562773,6918.322355825329,7384.3302939443765,6366.2063292600815,112048.3311700851
2025-03-07,10526.330338886375,6995.073891625616,8663.886736019385,7954.9580389838075,7332.0217917675545,8615.592833992238,8629.02576066472,6695.574544063258,8181.1693055431315,8255.24005336985,9326.08376944121,6896.911117304133,7419.684806279255,6372.084859854989,111863.63784779553
2025-03-10,10699.258191727538,6908.866995073892,8723.53464958995,7847.925215584632,7311.84422921711,8352.031912241337,8531.315461302956,6644.364160662352,8055.841309598354,8293.336878412525,9375.263602348057,6768.6136166414035,7154.690829369231,6275.984580129641,110942.87163189898
2025-03-11,10556.35466857594,7266.009852216749,8812.998722832908,7740.8553437869095,7364.810330912025,8319.977205541903,8572.46412983319,6582.900983375112,8051.368637624118,8310.473893437016,9444.722334709852,6693.7309253053645,7207.704279471375,6277.954625329009,111202.32593295147
2025-03-12,10593.981066396616,7315.2709359605915,9424.385938374739,7740.8553437869095,7435.4317998385795,8458.880934572782,8587.888038840665,6726.315063712005,7970.813951754778,8127.615185150368,9573.477004848572,6747.202378120207,7366.671356177111,6397.590097436118,112466.37909497005
2025-03-13,10714.30875085581,7241.379310344828,9469.125772109104,7873.747949371142,7513.619854721549,8526.551982049366,8557.029274119535,6685.339612187178,8002.122655574441,8342.851655784647,9640.025411655435,6929.027975085928,7313.694542875315,6515.25552434386,113324.08027107813
2025-03-14,10962.412610771347,7376.847290640394,9528.773685679666,7973.4081414596785,7551.452784503632,8601.346297681377,8881.007990219774,6801.424816834016,8055.841309598354,8479.998208632214,9749.99525321233,6950.3825701189735,7455.002681813786,6599.598742879394,114967.49238404493
2025-03-17,11195.465911558615,7204.433497536947,9513.86560584347,7973.4081414596785,7652.340597255851,8647.64754069167,8983.85229477991,6996.049280571813,8158.75935533888,8539.044757162748,9789.0589812491,7463.629216258039,7384.3302939443765,6574.093505298264,116075.97897894935
2025-03-18,11210.516470686885,7278.325123152709,9387.115738784243,8017.718026120604,7705.306698950767,8745.592477828828,8999.287150493567,7002.872568489199,8203.53266541432,8630.479154571236,9896.118497251065,7431.569001964396,7384.3302939443765,6585.861101489144,116478.62496914135
2025-03-19,11345.894714274351,7105.911330049262,9267.819911643117,8054.618231072343,7662.429378531073,8693.948783701964,8891.2869473227,6985.796486685479,8181.1693055431315,8409.52362124191,9875.855161034382,7431.569001964396,7349.012418409846,6638.820551848641,115893.65584332259
2025-03-20,11278.167198197127,7093.596059113301,9178.340244174387,8213.37061884163,7601.896690879742,8300.38821811447,8834.725316491169,6883.375719883668,8122.977979544981,8371.426796199234,9878.749923351052,7485.040454779238,7402.02586851199,6572.133995099962,115216.21508318197
2025-03-21,11533.796337676802,7327.586206896552,9118.692330603824,8220.743250152269,7891.949152542373,8172.169391316737,8773.018733755089,6832.147474472507,8051.368637624118,8516.188679443207,9867.186437322638,7741.635456104696,7490.357194148663,6536.8312065273185,116073.6704885868
2025-03-24,11834.577154541292,7229.064039408867,9193.248324010585,8261.348294958603,8015.536723163842,8214.909000249316,8819.301407483694,6845.811912317536,8118.505307570743,8539.044757162748,10033.557454339794,8008.992720178902,7525.675069683194,6603.517763275999,117243.08992834511
2025-03-25,11984.929168690047,7327.586206896552,9409.47785853854,8479.155830010091,7985.270379338176,8116.9640631121565,8911.866754940906,6879.964075924975,8046.895965649879,8571.422519510375,10113.132291571666,8286.998960025556,7419.684806279255,6842.788707490218,118376.13758797839
2025-03-26,12052.65668476727,7241.379310344828,9141.070044583892,7803.615330923706,8013.014527845036,7928.19745699327,8845.015220300273,6835.576980441456,8028.958687419864,8386.66754352237,10143.527295896689,7752.341075365293,7490.357194148663,6793.758812528393,116456.13616508098
2025-03-27,11849.627713669564,7179.802955665025,8947.202629810234,7766.715125971965,7967.6150121065375,8141.89550165616,8834.725316491169,6828.735830513815,8064.786653546829,8428.566990498086,10104.463567859922,7784.4579331470895,7843.645859895014,6732.9613213756875,116475.20241220709
2025-03-28,11879.728831926106,7167.487684729064,8753.350809262347,8062.0279107815295,7902.037933817594,8120.525697189872,8711.301204312827,6664.851886424765,8024.5326057786915,8466.663815540762,9988.704201669687,7816.518147440734,7702.337720956543,6681.961381214493,115942.029831045
2025-03-31,11879.728831926106,7105.911330049262,8432.749121655233,7818.360593544984,7619.552058111381,8038.60811340243,8505.612595192557,6442.916409007168,7881.2673316039,8340.955388083288,9846.923101105955,7752.341075365293,7596.347457552603,6681.961381214493,113943.23478781465
2025-04-01,12218.059258044294,7105.911330049262,8356.696082574545,7751.932814952142,7833.938660209847,8104.498343840154,8551.895268921164,6567.539654555867,8051.368637624118,8571.422519510375,9975.69333448294,7741.635456104696,7469.144486747737,6581.942081092539,114881.67792870969
2025-04-02,11902.227882051533,7389.162561576355,8276.167500697842,7991.858243935548,7773.405972558515,8220.251451365886,8495.322691383453,6596.56542122014,8071.495661508186,8499.041577888389,10003.178013253031,7693.545134664229,7476.215389214712,6727.0722557797135,115115.50975709753
2025-04-03,12045.131405203132,7241.379310344828,7992.836012681225,7840.515535875446,7947.437449556094,8092.032624568153,8125.072248260788,6384.864875678622,7292.738244327161,8514.282325211525,9654.499223238778,7506.395049812284,7313.694542875315,6681.961381214493,112632.84022884784
2025-04-04,10977.46316989962,6982.758620689656,7980.906429967112,7851.5930070406785,8247.578692493948,7972.7178829647055,7924.50669763271,6234.6453694346,6876.546799057757,8325.714640760152,9287.02004140444,7137.532654970919,7137.031891601966,6511.336503947256,109447.3524018655
2025-04-07,10248.125360714293,6896.551724137931,7930.209601988576,7582.14000441617,7965.092816787732,7830.252519856111,7682.814371886757,6111.719014860121,6787.046769239944,8255.24005336985,9260.967180554419,7217.68319070503,6677.716325651329,6895.737622848648,107341.29655701693
2025-04-08,10736.807800981236,7068.9655172413795,8231.427666963476,7906.980362866835,8270.278450363196,8049.293015635575,7785.669623153072,6296.090684711584,6934.738125055908,8464.757461309078,9213.219165567643,7404.833275556975,7066.359503732558,7038.908287337519,110468.32894047603
2025-04-09,10165.424074075781,6724.137931034483,8210.546998657337,7404.937514171013,7944.9152542372885,8074.224454179579,7641.676650062704,6009.29824805831,6905.6191668903,8161.899301729678,8975.957598268622,7217.68319070503,6751.905846354052,7105.5948440862,107293.82107251039
2025-04-10,10797.010037494323,7032.019704433498,8523.710240572122,7840.515535875446,8005.447941888619,8332.442924813906,7945.086505250917,6319.99005443269,7071.247800936279,8548.566441790836,9302.925670907856,7506.395049812284,7009.828920797099,7256.6140843693465,111491.80091337523
2025-04-11,10789.484757930186,6896.551724137931,8720.540558242094,7766.715125971965,8118.946731234866,8298.607401075615,7816.517441168023,6217.569287630879,6847.474431225214,8592.38232952856,9323.18900712454,7431.569001964396,6981.5453109291975,7366.441470483878,111167.53457864735
2025-04-14,11218.041750251023,7056.650246305419,9472.104269231188,8076.7731734028075,8272.800645682,8669.01734515796,8083.923579730554,6374.6299438025435,7064.538792974924,8809.52515439452,9404.211225514748,7645.39816973561,7243.022155005906,7393.895683262244,114784.53213445145
2025-04-15,11360.86848483564,6933.497536945813,9543.681765515865,8169.060734180705,8416.565778853914,8690.387149624248,8145.641109172815,6497.538436366767,6981.701180785401,8929.52460568727,9122.080842307356,7634.749193963164,7221.809447604979,7652.78279946162,115299.88906530556
2025-04-16,11172.966861433188,7290.64039408867,9409.47785853854,8139.533160539602,8827.683615819209,8770.523916372833,8186.778830996868,6395.1176695649565,6916.847437158959,8996.186484614209,9239.272026417664,7629.368062588788,7257.163959939857,7668.469416049106,115900.02969412245
2025-04-17,11390.969603092186,7512.315270935961,9388.597190232402,8180.138205345936,8832.72800645682,9050.112191473449,8320.481900278135,6401.940957482343,6986.220443092704,9081.901819327648,9216.113927884311,7602.6323361813675,7193.562474537424,7713.580290614326,116871.294616935
2025-04-22,11533.796337676802,7549.261083743842,9400.526772946514,8313.030810930168,9105.125100887813,9256.68696798091,8418.192199639898,6509.48812122732,7086.808972179981,9188.566877528945,9545.992326078478,7784.4579331470895,7299.552737941364,7795.953463950492,118787.4397058596
2025-04-23,11300.743036889535,7820.1970443349755,9346.851447845891,8342.55838457127,9074.858757062146,9260.248602058626,8675.308434393326,6594.850668235666,7175.936279333274,9255.238842986211,9706.589381700558,7645.39816973561,7221.809447604979,7884.2157028826305,119304.80419963469
2025-04-24,11428.596000912863,7807.881773399015,9349.829944967978,8342.55838457127,9125.302663438257,9306.549845068917,8690.732343400801,6637.540872744966,7132.514088916719,9188.566877528945,9881.644685667721,7666.809408256808,7271.269128073461,7894.013253874142,119723.80927082186
2025-04-25,11578.948015061616,7795.566502463054,9364.738024804175,8294.580708454296,9200.96852300242,9449.015208177514,8773.018733755089,6634.129228786273,7041.0572651101775,9091.423503955735,9953.982617107922,7591.983360408921,7433.826611213206,7870.47806149238,120073.71636379279
2025-04-28,11684.225140392538,7894.088669950739,9639.118427228765,8420.063634329343,9231.234866828088,9498.878085265522,8788.442642762564,6700.700941006425,7175.936279333274,9148.573784784914,10029.21531086479,7661.484920370584,7603.418360019578,7868.518551294079,121343.89961443121
2025-04-29,11654.124022135995,8054.187192118227,9543.681765515865,8634.16632952624,9324.55609362389,9552.302596431244,8855.294177403197,6893.610651759747,7132.514088916719,9217.142017943535,9943.866512237842,7714.956373185426,7914.318247764422,7735.155972797786,122169.87604136016
2025-04-30,11699.27569952081,8029.556650246306,9442.288109558793,8597.2661245745,9327.078288942696,9416.96050147808,8886.152942124327,6815.089254679043,7041.0572651101775,9236.18538719971,9871.528580797642,7698.869622550453,7999.132440567782,8041.113473760685,122101.55434111104
2025-05-02,12075.155734892696,8325.12315270936,9874.731584388932,9509.0272127897,9400.221953188056,9566.549132742102,9163.838037789781,6931.174459325881,7191.963353907625,9333.328760772918,9991.598963986356,7805.812528180136,8112.193606438697,8021.497301775528,125302.21578288777
2025-05-05,12142.883250969917,8374.384236453203,9624.210347392567,9246.946841475832,9427.966101694916,9566.549132742102,9086.707546046226,6879.964075924975,7169.087500372723,9260.947819150932,9956.87737942459,7805.812528180136,8133.369677039277,8276.454862577233,124952.16129944462
2025-05-06,12022.555566510726,8325.12315270936,9513.86560584347,8977.493838851324,9433.010492332525,9523.809523809525,8819.301407483694,6768.987406211049,7027.3597071890745,9099.048920882466,10029.21531086479,7912.755433809817,8302.96142584565,8315.687206547545,124071.174998891
2025-05-07,12263.134146862127,8275.862068965518,9534.746274149607,9043.921617444164,9581.82001614205,9577.234034975249,8845.015220300273,6881.660966899194,7095.940677460715,9165.710799809405,10118.921816205006,8110.554494434211,8182.82935750776,8423.555082463776,125100.90657361904
2025-05-08,12601.464572980316,8411.330049261083,9215.626037990654,9043.921617444164,9435.53268765133,9904.904370125014,8737.015017129406,6873.122925997335,7159.955795091988,9207.620333315446,10153.64340076677,8228.203019324492,8119.264508905673,8649.098920288812,125740.70325627246
2025-05-09,12729.317537003642,8472.906403940888,9484.033851945302,8981.16163030737,9367.433414043584,9780.247177404995,9009.566107596489,7011.410609391059,7498.294793809822,9249.519780291163,10456.02155695258,8233.527507210716,8090.9808990377705,8805.996691166865,127170.41796010222
2025-05-12,12924.821228537214,8620.689655172415,9334.921865131779,9043.921617444164,9342.211460855528,9790.932079638138,8947.859524860409,6963.611869948847,7434.279676178549,9190.473231760629,10489.311323594273,8532.944985578568,8126.298774572301,8753.047775808436,127495.32506908123
2025-05-13,12992.471956047455,8571.428571428572,9394.569778702342,8888.874069529471,9223.66828087167,9790.932079638138,8845.015220300273,7009.695856406584,7571.44161672183,9257.145197217893,10561.649255034474,8976.690071755971,8225.254772309614,8845.218500136114,128154.0552261004
2025-05-14,12857.170501026972,8300.492610837438,9331.943368009694,8637.871169380833,9001.715092816787,9808.740250026713,8824.435412682065,7004.587321473673,7491.399424516206,9112.38331397392,10539.938537659456,9035.486012457035,8105.122703971722,8645.169364891142,126696.45508372366
2025-05-15,12917.295948973077,8288.177339901478,9290.182031397415,8534.506137437704,9069.814366424536,9894.21946789187,8701.022247209903,6926.048062382713,7521.124057011659,9156.189115181318,10373.567520642302,8971.365583869747,8090.9808990377705,8452.968805440443,126187.46158280193
2025-05-16,12939.871787665485,8288.177339901478,9340.87885937595,8549.288448457528,8968.926553672316,9263.810236136342,8695.877295305352,6883.375719883668,7383.962116468379,9213.329309480168,10473.390130852595,8923.218618941128,7956.707025765929,8413.746996471196,125294.56043837752
2025-05-19,13180.450368016885,8374.384236453203,9308.084202581469,8571.406342389444,8656.174334140436,9481.069914876947,8875.863038315225,6898.737048702915,7306.249440916004,9230.476411034986,10450.247595557506,8810.951225425222,7963.777928232905,8286.262948569813,125394.13503521294
2025-05-20,13112.799640506644,8312.807881773399,9457.196189394992,8486.528461320731,8585.552865213882,9506.00135342095,8762.728829945985,6874.8376789818085,7237.668470644364,9417.137741254675,10560.20187387614,8714.713939056139,8020.308511168361,8229.395012814777,125277.87844937286
2025-05-21,13323.277102601505,8214.285714285714,9618.253353148397,8305.658179619528,8577.986279257466,9388.46742885636,8721.591108121931,6729.726707670698,7132.514088916719,9453.32821206567,10370.672758325632,8661.242486241295,7815.398886827458,8188.203158646161,124500.60546458453
2025-05-22,12571.440243290754,8103.44827586207,9591.400096372316,8121.083058063733,8378.732849071832,9392.029062934076,8582.743086936114,6700.700941006425,7084.479455526732,9379.051002742326,10202.83879691188,8554.299580611614,7857.787664828965,8041.113473760685,122561.14758791952
2025-05-23,12203.008698916023,7918.71921182266,9543.681765515865,8054.618231072343,8373.688458434222,9388.46742885636,8582.743086936114,6815.089254679043,6867.321913110893,9259.04146491925,10207.180940386885,8399.266353541463,7773.010108825951,7999.921619592069,121385.75853660915
2025-05-26,12526.28856590594,7967.980295566503,9824.034756410398,8124.750849519779,8424.13236481033,9701.891227695267,8922.14571204383,7187.2442383406615,7143.928720517638,9337.141469236285,10402.49958057073,8629.182271947653,7963.777928232905,8133.284198088362,124288.28217888628
2025-05-27,12909.770669408941,8349.75369458128,9862.80200167482,8128.455689374372,8393.866020984666,9812.301884104429,8968.428385772435,7178.7061974388025,7127.948236276352,9371.425585815594,10503.769571939356,8527.563854204192,8020.308511168361,8141.1327738826385,125296.23307662623
2025-05-28,14180.46787581016,8633.004926108375,9797.197093860086,8087.850644568039,8323.244552058111,9847.918224881576,9025.000963310144,7074.570677652518,7018.228001908341,9358.091192724143,10785.89995514675,8538.26947346479,7970.84883069988,8105.829985309996,126746.42239750293
2025-05-29,13834.612170127835,7426.108374384236,9379.661698866143,8139.533160539602,8141.646489104117,9723.261032161558,8932.435615852934,6931.174459325881,6739.291677848347,9401.907080461866,10508.111715414361,8286.998960025556,7773.010108825951,8080.335282729931,123298.0878256683
2025-05-30,13804.511051871292,7598.522167487685,9302.111614111527,8187.5108366565755,8424.13236481033,9787.370445560424,8911.866754940906,6693.877653089038,6592.998032024331,9182.857901364223,10639.776711108014,8233.527507210716,7666.983208621666,8109.749005706601,123135.79525456333
2025-06-02,14022.59058209727,7647.783251231527,8786.161060282599,8176.4333654913435,8396.38821630347,9634.220180218686,8824.435412682065,6726.315063712005,6583.866326743597,9342.860531931334,10704.877736756542,7730.986480332249,7666.983208621666,8041.113473760685,122285.01489016505
2025-06-03,13405.978389240017,7709.359605911331,8657.914147549445,8730.158730158731,8330.811138014527,9655.589984684973,8731.881011931035,6589.742133302754,6519.851209112324,9047.617702748339,10749.730989426647,7730.986480332249,7801.257081893507,7954.810745026848,121615.68934933272
2025-06-04,13796.985772307158,7783.251231527094,8898.065224408707,9520.104683954933,8401.432606941082,9595.042205363823,9004.421155691936,6721.188666768838,6551.858767927961,9207.620333315446,10879.948603961966,7292.565882041069,7737.655596491074,7919.507956454207,123309.6486871553
2025-06-05,13932.36401589462,7635.467980295567,8698.459134551658,9560.709728761265,8282.889426957225,9335.042917690638,8788.442642762564,6629.002831843106,6545.009988967409,9142.854722089865,10822.068920866848,7324.626096334713,7659.948942955037,7811.640080537977,122168.52743050847
2025-06-06,13857.111220253262,7697.04433497537,8579.943018699038,9867.09998473606,8353.510895883777,9224.632261281477,8778.16368565964,6721.188666768838,6542.7270626472255,9100.955275114151,10665.814008719772,7217.68319070503,7666.983208621666,7848.912914309989,122121.76972837528
2025-06-09,14052.61491178683,7721.674876847291,8941.729056564935,9892.959766921116,8313.155770782889,9274.495138369484,8860.43912930775,6893.610651759747,6590.715105704148,9100.955275114151,10800.373766730092,7249.800048486825,7568.063847684701,7905.7808500650235,123166.36819612498
2025-06-10,14150.366757553615,7758.620689655173,9054.007482109524,9948.310074348727,8350.98870056497,9463.261744488373,9174.127941598885,7019.948650292919,6663.861928616156,9478.090644016893,11256.112072746311,7319.30160844849,7638.736235554109,7901.861829668418,125177.59635966255
2025-06-11,13954.863066020047,7733.990147783252,9172.523597962147,9904.000189687802,8287.933817594834,9342.166185846067,8742.159969033957,6857.761597178089,6595.280958344515,9190.473231760629,11120.104933577655,7164.26838137834,7568.063847684701,7827.337232126529,123460.92715597857
2025-06-12,13759.359374486477,7647.783251231527,8932.372521102885,9918.782500707626,8192.090395480225,9149.837945649466,8639.315664473823,6856.046844193615,6615.873885559234,9085.714527791015,11221.390488184546,7105.415797189124,7829.540691761409,7711.620780416025,122665.14466822702
2025-06-13,13631.58319903013,7586.206896551725,8860.63908256051,10003.697430174883,8131.557707828894,9039.427289240304,8567.319177928639,6709.238981908285,6446.704386200317,8952.38068340681,11180.879378989443,6987.823915786993,7582.205652618652,7808.542790224532,121488.20657245012
2025-06-16,13586.431521645316,7463.054187192119,8664.151837857478,9778.517263812755,8121.468926553673,9171.207750115755,8639.315664473823,6698.9861880219505,6499.258281897605,9026.66797926048,11374.750638014953,7062.649963634881,7525.675069683194,7770.61678638642,121382.75205855041
2025-06-17,13751.910883489321,7426.108374384236,8505.090735002643,9833.867571240366,8106.33575464084,9018.057484774015,8767.873781850538,6779.240200097383,6320.957077257955,9026.66797926048,11808.793789894416,6875.556522271087,7405.543001345302,7869.6457964081565,121495.64895191675
2025-06-18,13872.161779381533,7413.793103448276,8576.82417354502,9977.837647989829,8033.192090395481,9046.550557395734,8845.015220300273,6739.9616395467765,6359.813415034141,9076.192843162926,11803.004265261077,7116.121416449721,7349.012418409846,7730.583782335079,121940.0643526557
2025-06-20,14067.665470915103,7512.315270935961,8458.308057692397,9985.247327699013,8040.758676351897,9082.166898172884,9030.134968508517,6741.676392531251,6421.545606345231,9074.286488931244,11979.506950386576,7260.505667747424,7391.4011964113515,7884.394797900755,122929.9137705296
2025-06-23,13806.58434317978,7339.901477832513,8211.919290525104,10018.442692796163,8065.980629539951,8950.386437297433,8793.587594667115,6485.588751506214,6245.527328025763,9047.617702748339,12040.281395798364,6923.646843711553,7327.799711008919,7715.8347808424805,120973.09897947969
2025-06-24,14497.681446008579,7426.108374384236,8430.23845130625,10188.27255173068,8161.82405165456,9003.810948463157,9014.711059501042,6794.60152891663,6414.69682738468,9027.44464209561,11937.548460033138,7121.445904335946,7433.826611213206,8168.8398266865925,123621.05068371433
2025-06-25,14850.908854121075,7401.477832512315,8296.128109683546,10158.707929691032,8348.466505246166,9132.029775260891,9025.000963310144,6700.700941006425,6368.9451203148765,9098.050354380157,11859.421003959598,7260.505667747424,7560.992945217726,8392.181849288803,124453.51785174017
2025-06-26,15211.815118931669,7524.630541871921,8754.598347323952,10173.490240710857,8661.218724778048,9181.892652348899,9446.679032065967,6838.988624400149,6597.563884664699,9326.00593975598,11966.496083199827,7404.833275556975,7829.540691761409,8478.56885803117,127396.32201540154
2025-06-27,15065.916841667811,7635.467980295567,8679.746063627561,10199.424119693003,8923.527037933818,9292.303308758059,9333.54482369673,6897.022295718441,6812.438500760354,9428.88854908489,11807.346408736083,7452.980240485593,7949.636123298954,8491.21085931054,127969.45315306741
2025-06-30,15526.648243553676,7807.881773399015,8689.10259908961,10403.190311695587,8895.782889426959,9367.097624390071,9204.986706320014,6857.761597178089,6707.28411903271,9219.088718296523,11878.236959017948,7292.565882041069,6642.361813316451,8581.811868479363,127073.8011052371
2025-07-01,15757.01394449661,7672.413793103448,8473.90228346248,10225.35799867515,8895.782889426959,9295.864942835775,9194.696802510913,6828.735830513815,6801.023869159436,9362.317448930888,11933.206316558135,7180.298488525163,6787.223721888583,8375.325847582977,126783.16417767035
2025-07-02,16202.387632986281,7746.305418719212,8420.881915844202,9995.65792769042,8928.571428571428,9007.372582540871,9246.12442814407,6898.737048702915,6846.728985896175,9334.07516401707,12112.619327238563,7335.331715595312,7158.207962202546,8164.625826260135,127397.62736440919
2025-07-03,16954.91558939986,7709.359605911331,8583.061863853052,9984.543408126641,8883.17191283293,9288.741674680343,9359.258636513308,6999.460924530506,6803.30679547962,9483.355812847254,12176.272971728755,7408.9682501920215,7101.677379267088,7924.427801952094,128660.5226273148
2025-07-04,17246.712143927576,7684.729064039409,8424.000760998219,9999.36276754501,8676.35189669088,9295.864942835775,9199.841754415464,6914.09837752216,6766.733384023616,9348.19630647398,12224.020986715532,7301.345622704523,6995.687115863148,7857.003795128785,127933.94891888408
2025-07-07,17692.085832417248,7758.620689655173,8514.447270464692,10151.261201583302,8651.129943502825,9338.604551768352,9266.693289056097,6813.374501694569,6613.59095923905,9307.850185168523,12216.784080923859,7403.303901376889,7073.430406199533,7374.500746299476,128175.6775593496
2025-07-08,17123.850436758014,7684.729064039409,8367.861548225923,10151.261201583302,8429.176755447943,9384.905794778646,9328.399871792177,6946.535788145126,6631.854369800519,9227.157942557613,12423.68177037438,7448.618691897942,6981.5453109291975,7597.84276890169,127727.42131523188
2025-07-09,16878.127022418885,7684.729064039409,8405.28769007412,9980.838568272047,8472.054075867636,9687.644691384408,9189.55185060636,7085.859468133638,6675.276560217074,9211.01949403543,12420.78700805771,7352.324762040706,7101.677379267088,7637.87577295303,127783.05340736755
2025-07-10,16309.89162675965,7869.458128078818,8561.229947774938,9925.265970453162,8328.288942695723,9384.905794778646,9235.834524334965,7005.48042198642,6663.861928616156,9019.375417834519,12297.806299314067,7352.324762040706,6978.028178095883,7521.9907612254665,126453.74270398909
2025-07-11,16202.387632986281,7770.935960591133,8692.221444243625,9966.019208853679,8398.910411622275,9402.713965167219,9230.689572430414,6987.618411731482,6668.427781256522,8981.046602594337,12581.384063679792,7329.667366780181,6974.511045262569,7572.558766342948,126759.09223354245
2025-07-14,15864.517938269979,7758.620689655173,8857.520237406494,9966.019208853679,8414.043583535109,9456.138476332942,9168.982989694334,7055.494050700245,6734.72582520798,9023.410029965064,12760.781511121957,7278.688227443997,7101.677379267088,7595.735768688461,127036.3559161425
2025-07-15,15772.371657892807,7721.674876847291,8938.61021141092,9884.512732052646,8408.9991928975,9313.673113224348,9107.276406958254,7017.983829164876,6718.745340966693,8966.925460137427,12659.511519753329,7182.39429758676,7101.677379267088,7559.916765063578,126354.27278322351
2025-07-16,15987.379645439543,7524.630541871921,8919.89714048682,9832.644974088349,8287.933817594834,8978.879509919152,9071.272690332571,7012.625226088396,6773.582162984168,8964.908154072155,12659.511519753329,7250.366483368339,7144.102794068941,7490.38575802704,125898.12041809555
2025-07-17,16156.314492797695,7635.467980295567,9044.650946647474,9895.627251616423,8373.688458434222,9103.53670263917,9194.696802510913,7118.011086592525,6967.91044219817,9063.75615127052,12517.714855951335,7374.982157301231,7066.359503732558,7549.381763997435,127062.09859598523
2025-07-18,16371.32248034443,7857.142857142858,9730.796880531077,9988.248247981235,8474.57627118644,9064.358727784309,9359.258636513308,7205.534936841717,7219.358469749828,9295.746348776887,12646.48508932832,7437.2899942676795,7285.410933007412,7785.365787879019,129720.89566133452
2025-07-21,15925.948791854762,7844.827586206897,9786.936093303371,9825.235294379165,8388.821630347053,9089.290166328312,9400.396358337362,7214.465941969186,7205.660911828727,9192.863739447977,12574.147157888117,7250.366483368339,7151.173696535917,7732.690782548309,128582.82463434349
2025-07-22,15972.021932043348,7807.881773399015,9724.559190223044,9480.685187902069,8154.257465698143,8939.701535064289,9276.97224615902,7132.300694796475,7246.800175925097,9178.742596991067,12542.320335643022,7476.940435973599,7271.269128073461,7515.669760585782,127720.1224584774
2025-07-23,15803.087084685198,7980.295566502464,9858.66953184575,9525.143266157178,8045.803066989507,8914.770096520286,9369.53759361623,7253.762364530049,7411.403822643648,9120.240721098156,12403.418434157698,7301.345622704523,7384.3302939443765,7543.06076335775,127914.86822875282
2025-07-24,15895.23336506237,8399.014778325123,9758.866486917224,9402.883550955628,8000.403551251008,8902.304377248283,9395.251406432812,7394.872245544054,7383.962116468379,9108.13688470652,12297.806299314067,7329.667366780181,7419.684806279255,7682.122777430826,128370.21001271572
2025-07-25,15864.517938269979,8472.906403940888,9640.350371064604,9384.359351682666,7869.249394673123,9117.78323895003,9292.407101872675,7355.575822983192,7363.415779586726,9021.392723899793,12038.834014640026,7261.695180998601,7553.92204275075,7703.192779563111,127939.60214487617
2025-07-28,15557.363670346069,8374.384236453203,9097.671314265754,9254.68995677193,7619.552058111381,8784.770452683691,9081.562594141673,7209.107338892706,7258.261397859081,8868.077462939062,12112.619327238563,7216.3803904775505,7370.225125810772,7658.9457750853135,125463.61110107675
2025-07-29,15987.379645439543,8325.12315270936,8857.520237406494,9339.901273427555,7717.917675544794,9046.550557395734,9153.559080686859,7344.858616830229,7388.527969108746,8896.31974785288,12271.769001702307,7363.653459670969,7560.992945217726,7791.686788518704,127045.7601515119
2025-07-30,15772.371657892807,8411.330049261083,8816.97525040428,9421.407750228589,7629.640839386602,8939.701535064289,9261.548337151546,7435.95486913041,7715.452336225661,8987.098520790154,12257.295190118963,7363.653459670969,7568.063847684701,7901.250799606582,127481.74444261663
2025-07-31,15572.721383742266,8374.384236453203,8773.311418248051,9306.557714736224,7614.507667473769,8834.6333297717,8988.997246684461,7359.148225034179,7630.890881712736,8823.69672950306,12103.935040288556,7567.570017015703,7575.134750151677,7907.571800246267,126433.06044106187
2025-08-01,15495.932816761288,8214.285714285714,8349.148477301824,9154.659280697933,7400.121065375302,8460.66175161164,8917.000760139277,7234.114153249618,7399.9891910427295,8771.246771805969,11928.864173083131,7595.89176109136,7200.633377004399,7387.142747578848,123509.69204102902
2025-08-04,15449.8596765727,8374.384236453203,8420.881915844202,9162.068960407118,7501.008878127522,8512.305445738506,8937.569621051305,7273.41057581048,7514.275278051108,8615.914204779967,11991.08599965325,7726.171783839386,7278.340030540437,7616.805770820745,124374.08237768993
2025-08-05,15941.306505250957,8300.492610837438,8330.435406377726,9125.020561861194,7420.298627925747,8631.620187341954,8850.149225498644,7162.666112229868,7409.120896323464,8551.360410691237,11953.469652774818,7680.8569933183335,7285.410933007412,7821.184791503902,124463.3929149427
2025-08-06,15972.021932043348,8399.014778325123,8308.60349029961,9188.002839389264,7392.554479418885,8645.866723652813,8978.718289581539,7359.148225034179,7491.399424516206,8704.675671651969,12200.862888182179,7635.542202797283,7596.347457552603,8021.349811760602,125894.10821420561
2025-08-07,16094.883639212912,8546.79802955665,8776.430263402066,9221.346398080597,7420.298627925747,8578.19567617623,9251.258433342442,7587.781956297377,7511.992351730924,8722.831426239423,11967.927901119901,7697.850039763729,7221.809447604979,8217.300831590845,126816.70502204381
2025-08-08,15088.953411762106,8608.374384236453,8994.749424183212,9499.20938717503,7395.076674737692,8503.401360544218,9405.541310241913,7653.871394240645,7697.1423353311275,8763.17754754488,12137.209243691987,7590.22741227623,7327.799711008919,8154.090825193994,126818.82442216841
2025-08-11,14797.15685723439,8435.960591133005,8832.569476174362,9476.980348047477,7321.933010492333,8467.785019767069,9204.986706320014,7609.216368603302,7457.108939380387,8565.481553148149,12106.829802605225,7556.241319385441,7490.357194148663,8111.9508209294245,125434.55800736924
2025-08-12,14267.315745065645,8509.852216748768,8891.827534100674,9354.720632845925,7379.943502824859,8417.922142679063,9513.5305667066,7671.733404495582,7434.279676178549,8674.416080672876,12335.4226461925,7590.22741227623,7511.533264749242,8078.23881751777,125630.96364305427
2025-08-13,14420.8928790276,8460.591133004926,8739.004121553871,9447.341629210736,7417.776432606941,8458.880934572782,9420.965219249389,7607.430167577808,7546.282836866744,8680.467998868695,12226.479978360874,7663.86394687294,7638.736235554109,8029.777812613515,125758.49132594094
2025-08-14,14175.169464688472,8399.014778325123,8685.983753935592,9136.13508142497,7354.7215496368035,8409.018057484775,9348.968732704205,7502.044307073677,7489.116498196023,8646.173795759058,12161.114377661897,7624.213505167018,7631.665333087134,8044.526814106115,124607.86604925085
2025-08-18,14420.8928790276,8460.591133004926,8816.97525040428,9447.341629210736,7460.653753026634,8615.592833992238,9441.534080161417,7527.05112143059,7518.841130691476,8868.077462939062,12287.176607581352,8156.662293789381,7702.337720956543,8133.020823061709,126856.74871927795
2025-08-19,14635.900866574337,8559.11330049261,9041.532101493458,9402.883550955628,7604.418886198547,8720.661039284825,9857.508914997514,7589.56815732287,7726.866967826581,9307.850185168523,12354.098532106493,8337.92145587359,7737.655596491074,8154.090825193994,129030.07037998005
2025-08-20,14981.449417988737,8349.75369458128,9091.43362395772,9332.49159371837,7566.585956416465,8838.194963849415,9884.875680447256,7482.396095793246,7704.037704624743,9440.992385476526,12480.160762025947,8207.641433125566,7709.408623423518,8057.168815385486,129126.59075081427
2025-08-21,15373.071109591721,8337.43842364532,8919.89714048682,9665.92718063169,7717.917675544794,8839.975780888273,9961.502623706538,7578.8509511699085,7733.762337120196,9521.684628087436,12948.614233701945,8309.599711797931,7808.327984360482,8164.625826260135,130881.19560699316
2025-08-22,14935.37627780015,8214.285714285714,9022.81903056936,9554.781984993917,7559.019370460048,8191.758378744169,10174.963394214536,7636.009383985707,7715.452336225661,9652.809522330166,12979.740710225267,8162.326642604512,7879.000372229891,8164.625826260135,129842.9689449292
2025-08-25,15181.099692139278,8152.709359605911,8732.766431245838,9595.535223394434,7480.831315577078,8138.333867578446,10185.910100394432,7611.002569628796,8010.3691445269405,9440.992385476526,13041.99366327191,8570.159757293983,7970.84883069988,8183.588828179191,130296.14116901263
2025-08-26,15219.493975629766,7906.4039408867,8820.094095558297,9639.993301649543,7470.742534301857,8202.443280977313,10196.85680657433,7605.643966552315,7960.05158481677,9440.992385476526,12956.395852832775,8643.79629189069,7963.777928232905,8168.8398266865925,130195.52577206638
2025-08-27,14950.733991196345,7955.665024630543,8445.832677076332,9543.66746543014,7400.121065375302,8081.347722335008,10065.496332415561,7830.705295764524,7864.02890836986,9430.905855150162,12525.294152984765,8150.99794497425,8062.733925970216,8086.666818370683,128394.19718004367
2025-08-28,14866.26656751727,7844.827586206897,8417.763070690184,9439.931949501552,7291.666666666667,8031.4848452470005,10070.96968550551,8100.421650614078,7854.8972030891255,9440.992385476526,12167.339672966564,8066.032712747277,8098.051801504746,7958.13980536375,127648.78560309715
2025-08-29,14505.360302706675,8029.556650246306,8305.484645145596,9336.196433572963,7213.478611783697,8090.251807529296,10092.863097865305,8121.856062920003,7886.904761904762,9352.230918604524,12105.086719919918,8020.717922226225,7999.132440567782,8111.9508209294245,127171.07119592249
2025-09-01,14136.775181197982,8029.556650246306,8271.177348451414,9102.791522733638,7150.42372881356,8122.306514228729,10016.236154606024,8096.849248563091,7905.214762799296,9376.438591387798,12111.312015224581,8049.039666301882,8119.264508905673,8099.308819650053,126586.69471311
2025-09-02,13852.657483368366,7955.665024630543,8068.452413440351,9221.346398080597,7163.034705407586,8084.909356412722,9923.189152076897,8180.800696761296,7756.591600322033,9217.07141223125,12091.079805484424,7850.787457772279,8161.65328690718,7953.925804937293,125481.16459783283
2025-09-03,13837.299769972169,8029.556650246306,8108.997400442564,9110.201202442824,7142.857142857143,8220.251451365886,9912.242445897,8132.573269072966,7795.447938098221,9198.915657643794,12391.450303934482,7873.444853032805,8373.63381371506,8038.205813466429,126165.07771218766
2025-09-04,15350.03453949743,8066.5024630541875,8124.591626212646,9262.099636481114,7160.512510088782,8469.565836805928,9906.769092807051,8180.800696761296,7832.021349554225,9344.161694343433,12525.294152984765,7907.430945923594,8543.225562521433,8168.8398266865925,128841.84993372248
2025-09-05,15495.932816761288,8066.5024630541875,8227.513516295186,9269.509316190299,7155.46811945117,8444.634398261924,10027.18286078592,8127.214665996484,7953.202805856219,9223.123330427068,12618.673582554731,7879.109201847937,8564.438269922359,8074.024817091313,129126.53016449609
2025-09-08,16064.16821242052,8189.6551724137935,8411.525380382152,9447.341629210736,7173.123486682809,8496.27809238879,10164.016688034637,8448.730850585356,8088.081820079316,9372.403979257251,12923.713052483286,7879.109201847937,8373.63381371506,8278.40383777447,131310.18521727613
2025-09-09,16279.176199967258,8103.44827586207,8196.325064755023,9354.720632845925,7054.58030669895,8369.840082629911,10092.863097865305,8355.848397259682,7998.907922592956,9267.504063863069,12830.33362291332,7771.486574360438,8331.245035713553,8253.11983521573,130259.39911254318
2025-09-10,16079.525925816717,8029.556650246306,8146.42354229076,9458.456148774514,6958.736884584342,8300.38821811447,9983.396036066333,8296.90376341839,8106.3918209738495,9150.500312077247,12542.413715072593,7816.80136488149,8161.65328690718,7987.637808348947,129018.78547757314
2025-09-11,16340.607053552041,7943.3497536945815,8233.75120660322,9447.341629210736,7062.146892655367,8362.716814474483,10114.7565102251,8375.496608540112,8366.971553806243,9380.473203518344,12855.234804131976,7873.444853032805,8232.325674776588,8029.777812613515,130618.3943708351
2025-09-12,16140.956779401498,7881.773399014779,8168.255458368874,9347.31095313674,7062.146892655367,8316.41557146419,10092.863097865305,8409.434428024495,8316.700584429138,9251.365615340887,12643.574763773388,7816.80136488149,8274.714452778095,7977.102807282805,129699.41616841705
2025-09-15,16371.32248034443,8017.241379310345,8268.0585032974,9521.438426302586,7062.146892655367,8369.840082629911,10125.703216404998,8488.027273146217,8373.820332766794,9223.123330427068,12878.579661524469,8026.382271041356,8451.377104051444,7989.744808562176,131166.80576246456
2025-09-16,16125.599066005303,7955.665024630543,8155.78007775281,9525.143266157178,6860.371267150928,8156.14203796702,10038.12956696582,8359.42079931067,8275.561320332768,9130.32725142452,12833.446270565652,7862.116155402543,8564.438269922359,7781.151787452562,129623.29216104066
2025-09-17,16140.956779401498,7869.458128078818,8080.927794056417,9510.323906738808,6986.481033091202,8230.936353599032,10016.236154606024,8545.185705962018,8344.142290604406,9124.275333228701,12796.094498737666,7862.116155402543,8550.296464988407,7606.270769754603,129663.70136825014
2025-09-18,16140.956779401498,7844.827586206897,8137.067006828711,9728.909458159764,6862.893462469734,8246.963706948749,9966.975976796486,8498.744479299181,8280.127172973134,8991.1331329207,12782.087584302171,7760.157876730175,8847.091184599647,7690.55077828374,129778.4861859206
2025-09-19,15772.371657892807,7869.458128078818,8199.443909909038,9447.341629210736,6860.371267150928,8150.799586850449,10032.65621387587,8500.530680324673,8170.360348272057,9037.531172421975,12687.15183090604,7822.465713696622,8840.020282132673,7585.200767622318,128975.70318834501
2025-09-22,16156.314492797695,7746.305418719212,8155.78007775281,9614.059422667397,6789.749798224375,8259.429426220751,10164.016688034637,8509.461685452143,8200.084980767511,8993.150438985973,12796.094498737666,7680.8569933183335,8847.091184599647,7608.377769967831,129520.77287624599
2025-09-23,15618.794523930852,7783.251231527094,8168.255458368874,9428.817429937773,6860.371267150928,8197.100829860741,10081.916391685409,8566.620118267943,8154.379864030772,8999.202357181792,13224.083550933343,7646.870900427545,8974.294155404514,7682.122777430826,129386.0808561384
2025-09-24,15895.23336506237,7536.945812807882,8149.542387444777,9447.341629210736,6827.582728006457,8079.56690529615,10087.389744775357,8563.047716216955,8209.263276381309,8813.610199176697,13764.12791861298,7505.262180049257,8967.223252937538,7625.233771673658,129471.37088765213
2025-09-25,15449.8596765727,7500.0,7984.243594281909,9399.178711101034,6870.46004842615,7924.635822915555,10016.236154606024,8539.827102885536,8165.794495631691,8843.86979015579,13812.373957224128,7391.975203746627,8741.100921195708,7559.916765063578,128199.47224380643
2025-09-26,15357.713396195526,7438.4236453201975,8002.956665206008,9495.504547320439,6946.125907990315,7662.855718203513,10092.863097865305,8445.158448534368,8120.0893788949525,8954.821623745791,13873.070586444606,7154.072553511103,8938.939643069636,7585.200767622318,128067.79597992406
2025-09-29,15211.815118931669,7463.054187192119,7878.202859045353,9921.56113059857,6923.426150121065,7646.828364853795,10038.12956696582,8298.689964443884,8058.357187583863,8799.489056719787,13739.226737394323,6785.889880527555,8938.939643069636,7538.846762931294,127242.45661037874
2025-09-30,15388.428822987918,7475.369458128079,7940.57976212568,10021.591806672566,7021.7917675544795,7791.074545001247,10103.809804045202,8180.800696761296,8083.515967438949,8843.86979015579,13465.313743989089,6802.882926972949,8903.621767535105,7564.130765490035,127586.78162485837
2025-10-01,16279.176199967258,7635.467980295567,8108.997400442564,10084.574084200636,7062.146892655367,7694.910424902946,10081.916391685409,8127.214665996484,8024.066702448042,9019.375417834519,13672.304812869179,6853.862066309132,8840.020282132673,7515.669760585782,128999.70308232552
2025-10-02,16555.61504109878,7881.773399014779,7996.7189748979745,10017.886966817972,7657.3849878934625,7716.280229369235,10114.7565102251,8073.628635231672,8040.093777022394,9120.240721098156,13479.320658424584,6910.5055544604475,9115.602294342985,7511.455760159324,130191.26351005687
2025-10-03,18843.91433713191,7783.251231527094,8068.452413440351,10132.73700231034,7526.230831315577,7629.020194465222,10136.649922584895,8002.180594211923,7955.485732176403,9081.911905857974,13407.729762420944,6819.875973418344,9080.284418808455,7456.673754615385,131924.3980742848
2025-10-06,18628.906349585173,7770.935960591133,8024.788581284122,10132.73700231034,7458.1315577078285,7661.074901164656,10005.289448426127,7920.015347039211,7998.907922592956,8972.977378333246,13323.688275807974,6757.568136451897,9009.612030939044,7264.936735211598,130929.56962744531
2025-10-07,17983.882386944962,7918.71921182266,8140.185851982727,10169.785400856263,7427.865213882163,7698.47205898066,9709.7283815689,7877.146522427362,8152.096937710589,8857.990932612698,13575.812735646883,6644.281160149267,8967.223252937538,7304.969739262939,130428.15978678563
2025-10-08,17661.370405624857,8115.76354679803,7968.649368511828,10321.683834894555,7475.786924939467,7782.170459806961,9726.148440838746,7877.146522427362,8088.081820079316,8860.008238677972,13711.212908523332,7267.359529813734,9030.824738339972,7117.446720285609,131003.65345956173
2025-10-09,16402.037907136822,8029.556650246306,7984.243594281909,10188.309600129225,7445.520581113801,7771.485557573816,9764.461912468387,7902.153336784273,8127.683603184542,8829.74864769888,13832.606166964288,7176.729948771629,9059.071711407527,7227.010731373486,129740.61994913491
2025-10-10,15618.794523930852,8078.817733990149,8071.571258594368,9628.878782085765,7379.943502824859,7785.732093884675,9764.461912468387,7866.429316274399,8036.832453707845,8845.88709622106,13851.282052878281,7023.7925307630785,9391.184306553298,7102.697718793011,128446.30528297003
2025-10-13,15895.23336506237,7992.610837438424,8099.640864980514,9447.341629210736,7291.666666666667,7883.677031021834,9742.568500108591,7811.057084484094,8025.1848704416025,8773.264077871243,13793.698071310135,7063.442972468999,9165.061974811466,7123.767720925295,128108.21566680197
2025-10-14,15757.01394449661,7931.034482758621,8255.583122681333,9217.641558226005,7011.702986279258,7776.828008690388,9764.461912468387,7878.9327234528555,7780.585621850494,8749.056405087968,13560.24949738522,6995.4707866874205,8882.409060134178,7071.092715594585,126632.06282579331
2025-10-15,16785.98074204171,8078.817733990149,8327.31656122371,9299.14803502704,7223.567393058918,7903.266018449266,10180.436747304484,8254.034938806539,7887.743387899932,9089.981130119066,13904.197062967929,7097.429065359787,9023.753835872996,7066.878715168127,130122.55136728965
2025-10-16,16325.249340155844,8078.817733990149,8190.087374446991,9354.720632845925,7155.46811945117,7928.19745699327,10070.96968550551,8077.20103728266,7766.608521931002,8936.665869158334,13997.576492537894,6967.149042611763,8974.294155404514,7090.055717513639,128913.06117982866
2025-10-17,16463.468760721604,8201.970443349754,8395.93115461207,9517.733586447992,7137.812752219532,8008.334223741854,10054.549626235665,7984.318583956986,7838.82353818171,9051.652314878884,13827.937195485789,6944.491647351237,8960.152350470564,7079.520716447498,129466.69689410116
2025-10-20,17262.06985732377,8177.339901477832,8539.398031696825,9380.654511828072,7213.478611783697,8088.470990490438,10158.543334944688,8095.0630475375965,7838.82353818171,9217.07141223125,14332.186115163606,7023.7925307630785,8953.081448003588,7300.755738836481,131580.72907026263
2025-10-21,16801.338455437908,8189.6551724137935,8492.615354386578,9565.896504557693,7099.979822437449,8090.251807529296,10125.703216404998,8096.849248563091,7761.949488624505,9330.040551886525,14290.16537185712,6967.149042611763,8938.939643069636,7220.689730733802,130971.22341051417
2025-10-22,16970.273302796057,8238.916256157636,8495.734199540593,9665.92718063169,7137.812752219532,8102.717526801297,10224.223572024073,8059.339027027722,8083.422786772819,9336.092470082343,14785.07634857794,6944.491647351237,9002.541128472069,7079.520716447498,132126.0889149025
2025-10-23,16709.192175060733,8128.07881773399,8280.533883913464,9639.993301649543,7006.658595641647,8015.457491897283,10114.7565102251,8096.849248563091,8069.445686853326,9249.348309275614,15143.030828596144,6967.149042611763,9115.602294342985,7180.656726682461,131716.75291304715
2025-10-24,16970.273302796057,7881.773399014779,8417.763070690184,9614.059422667397,6875.504439063761,7969.15624888699,10142.123275674843,8284.400356239932,8053.139070280586,9301.798266972704,15197.502162511957,6950.155996166369,9129.744099276935,7153.265723910493,131940.658834153
2025-10-27,17400.289277889533,7783.251231527094,8501.971889848628,9439.931949501552,6905.770782889426,7967.375431848133,10366.530752362738,8330.841582902769,8116.0360199183,9400.646264171071,15236.41025816611,6882.18381038479,9228.6634602139,7182.7637268956905,132742.66643851972
2025-10-28,17768.874399398224,7820.1970443349755,9169.40475280813,9602.944903103618,6910.815173527038,7992.306870392137,10333.690633823046,8386.213814693076,8416.543668187376,9426.871243019617,15395.155288435051,6938.827298536105,9313.47765301726,7214.368730094117,134689.69147336978
2025-10-29,17738.158972605834,7832.512315270937,9225.543965580426,9514.028746593402,6918.3817594834545,7828.471702817254,10339.163986912994,8343.344990081227,8430.520768106868,9372.403979257251,15535.224432789999,6910.5055544604475,9341.724626084815,6910.960699389223,134240.94649943413
2025-10-30,17062.41958317323,7721.674876847291,9153.810527038047,9532.552945866362,6653.551251008877,8027.923211169285,10350.11069309289,8543.399504936524,8432.850284760116,9196.898351578522,15656.617691230955,6910.5055544604475,9292.264945616334,7216.475730307345,133751.0551510862
2025-10-31,16494.184187513998,7721.674876847291,9147.572836730016,9402.883550955628,6688.861985472155,7848.060690244685,10174.963394214536,8109.352655741547,8353.646718549662,9075.859987662156,15572.576204617988,7035.121228393341,9292.264945616334,7342.89574310105,132259.9190056604
2025-11-03,16678.476748268342,7758.620689655173,9281.68317835272,9462.160988629106,6593.018563357547,7894.361933254978,10295.377162193405,8314.765773673325,8397.907534961387,9305.832879103253,15421.612793479875,6967.149042611763,9320.51191868389,7208.047729454432,132899.5269356792
2025-11-04,16263.818486571065,7684.729064039409,9234.900501042475,9354.720632845925,6461.864406779661,7791.074545001247,10060.022979325613,8200.448908041728,8206.887169394997,9150.500312077247,15208.396429295119,6910.5055544604475,9362.937333485743,7433.496752269873,131324.30307463053
2025-11-05,16217.745346382475,7635.467980295567,9181.880133424194,9269.509316190299,6471.953188054883,7862.307226555544,10016.236154606024,8216.524717271172,8204.557652741749,9229.175248622887,15245.748201123106,7080.436018914394,9468.927596889682,7534.632762504836,131635.1015435768
2025-11-06,15350.03453949743,7536.945812807882,9116.384385189853,9262.099636481114,6469.430992736077,7974.498700003563,10076.44303859546,8198.662707016234,8258.136535766467,9287.677124515796,15345.352925997735,7001.135135502552,9377.042501619346,7420.854750990502,130674.69878672002
2025-11-07,14866.26656751727,7536.945812807882,8888.708688946657,8999.05600680505,6431.598062953995,7390.3907112583265,10125.703216404998,8252.248737781045,8034.502937054596,9257.417533536705,15396.711612261219,6967.149042611763,9306.406750550284,7376.607746512705,128829.7134270025
2025-11-10,15019.843701479225,7660.098522167488,9247.37588165854,9099.086682879046,6487.086359967716,7653.951633009225,10213.276865844175,8364.77940238715,8020.525837135105,9459.14814006398,15843.376550370887,7001.135135502552,9320.51191868389,7521.9907612254665,130912.18739237444
2025-11-12,15027.522558177323,7758.620689655173,9219.306275272393,9017.580206078013,6499.697336561743,7418.883783880045,10372.004105452686,8312.979572647831,7789.903688463488,9323.988633690706,16107.951600819124,7057.778623653867,9327.582821150865,7616.805770820745,130850.60566632402
2025-11-13,15004.48598808303,7438.4236453201975,8988.51173387518,8795.289814802467,6459.342211460856,7481.212380240055,10443.157695622018,8295.117562392894,7757.290455318007,9295.746348776887,16148.416020299444,7080.436018914394,9341.724626084815,7347.109743527507,129876.26424471773
2025-11-14,14996.807131384932,7389.162561576355,9078.958243341656,8769.355935820318,6403.853914447135,7288.884140043453,10196.85680657433,8237.959129577095,7671.098339147808,9178.742596991067,16185.76779212743,7069.10732128413,9186.274682212394,7378.714746725934,129031.54334125403
2025-11-17,14697.33172015912,7709.359605911331,8901.184069562722,8554.475224253958,6305.4882970137205,7278.199237810308,10027.18286078592,8116.497459843521,7549.963473178877,9089.981130119066,15992.783637682835,7023.7925307630785,9115.602294342985,7260.722734785142,127622.5642762126
2025-11-18,14582.148869687653,7475.369458128079,8810.737560096248,8513.72198585344,6232.344632768361,7174.911849556577,9983.396036066333,8011.111599339391,7407.86295733071,9089.981130119066,15675.293577144948,6950.155996166369,8769.347894263263,7229.117731586716,125905.50127810716
2025-11-19,14413.214022329501,7783.251231527094,9075.83939818764,8491.492946725884,6333.232445520581,7442.034405385191,10060.022979325613,8179.014495735802,7508.032173420402,9118.223415032884,15855.827140980216,7069.10732128413,9002.541128472069,7378.714746725934,127710.54785065293
2025-11-20,14359.462025442817,7746.305418719212,9153.810527038047,8439.62518876159,5884.281678773204,7466.965843929195,10054.549626235665,8164.724887531853,7522.009273339893,8993.150438985973,15749.997120800923,7103.093414174919,9186.274682212394,7374.500746299476,127198.75087224515
2025-11-21,14182.848321386567,7820.1970443349755,8954.204437181,8454.444548179961,5881.759483454399,7532.8560743669195,9956.02927061659,8179.014495735802,7454.453290395682,9174.70798486052,15345.352925997735,7001.135135502552,9186.274682212394,7165.9077251898625,126289.18541941496
2025-11-24,14328.746598650427,7820.1970443349755,9546.785016444112,8554.475224253958,5831.31557707829,7472.308295045768,10147.596628764792,8196.87650599074,7519.679756686644,9180.75990305634,15030.975513112184,7103.093414174919,9362.937333485743,7199.619728601518,127295.3665396804
2025-11-25,14282.67345846184,8103.44827586207,9808.768009381487,8576.70426338151,5881.759483454399,7477.6507461623405,10289.903809103456,8277.255552137958,7841.153054834958,9317.936715494887,14814.646501275096,7199.387344032155,9815.181996969402,7294.434738196796,128980.90394874837
2025-11-26,14635.900866574337,8546.79802955665,9774.460712687305,9002.760846659643,5589.184826472962,7445.596039462906,10475.99781416171,8377.282809565606,8062.45713689358,9463.182752194527,14875.343130495574,7182.39429758676,9878.783482371839,7351.323743953964,130661.46648863736
2025-11-27,14966.091704592542,8645.320197044335,9655.944596834684,9236.165757498968,5642.150928167877,7306.692310432028,10514.311285791351,8405.862025973507,8015.866803828608,9642.722992003803,14522.05762195587,7363.653459670969,9730.367804166042,7403.998749284675,131051.20623724526
2025-11-28,14943.055134498247,8719.2118226601,9746.391106301158,9499.20938717503,5760.694108151735,7271.0759696548785,10530.731345061196,8518.39269057961,7925.01565435191,9721.39792854944,14632.556613613662,7505.262180049257,9928.24316284032,7444.031753336014,132145.26885682254
2025-12-01,15004.48598808303,8743.84236453202,9821.243389997551,9476.980348047477,5687.550443906376,7263.952701499448,10497.891226521506,8457.661855712824,7827.175954915467,9779.89980444235,14690.140595181809,7584.563063461099,9885.854384838813,7374.500746299476,132095.74286743923
2025-12-02,15588.07909713846,8743.84236453202,9761.985332071241,9458.456148774514,5574.0516545601295,7222.993909605728,10541.678051241095,8448.730850585356,7733.995288785521,9721.39792854944,14473.811583344721,7635.542202797283,9744.509609099994,7374.500746299476,132023.574767385
2025-12-03,15803.087084685198,8719.2118226601,9428.268900591489,9332.49159371837,5543.785310734464,7016.419133098266,10415.790930172276,8302.26236649487,7808.539821689477,9642.722992003803,14251.257276202969,7539.248272940045,9815.181996969402,7290.22073777034,130908.48823973109
2025-12-04,15434.501963176504,8374.384236453203,9553.022706752145,9432.522269792367,5548.829701372074,6879.296221106245,10481.471167251659,8300.476165469376,7894.731937859678,9794.02094689926,14266.82051446463,7544.912621755177,9560.77605535967,7300.755738836481,130366.52224654847
2025-12-05,16248.460773174867,8325.12315270936,9481.289268209768,8847.15757276676,5672.417271993543,6834.775795134809,10153.06998185474,8375.496608540112,7938.992754271402,9683.069113309257,14265.264190638463,7493.933482418995,9645.590248163031,7218.582730520573,130183.2229437057
2025-12-08,16632.403608079756,8325.12315270936,9481.289268209768,9002.760846659643,5513.518966908798,6792.03618620223,10070.96968550551,8641.64056133868,7827.175954915467,9683.069113309257,14265.264190638463,7437.2899942676795,9645.590248163031,7273.364736064513,130591.49651297215
2025-12-09,17661.370405624857,8325.12315270936,9824.362235151568,9365.835152409703,5523.607748184019,7034.22730348684,10377.477458542635,8609.488942879792,7950.640337537645,9880.765107705987,14392.882744384084,7697.850039763729,9765.722316500922,7456.673754615385,133866.0266994965
2025-12-10,17584.581838643877,8312.807881773399,9808.768009381487,9091.677003169862,5611.884584342211,7167.788581401148,10350.11069309289,8461.234257763812,7834.1645048752125,9884.799719836534,14453.579373604562,8156.662293789381,9751.58051156697,7627.3407718868875,134096.98002512823
2025-12-11,17338.85842430475,8312.807881773399,9783.817248149355,9373.244832118888,5806.093623890234,7062.720376108558,10284.430456013508,8514.820288528625,8130.013119837791,10015.924614079264,14688.584271355641,8088.690108007803,9546.634250425719,7462.994755255071,134409.63424984863
2025-12-12,17047.061869777033,8165.024630541872,9864.90722215378,9176.888319825488,5629.53995157385,7141.076325818286,10164.016688034637,8568.406319293435,9373.97501267257,9991.71694129599,14567.191012914685,8043.375317486751,9546.634250425719,7332.360742034907,134612.174603849
2025-12-15,16816.696168834103,8238.916256157636,10186.148273017468,9162.068960407118,5589.184826472962,7285.322505965737,10147.596628764792,8538.040901860042,9527.723111786981,10126.876447669265,14757.06251970695,8100.018805638066,9497.174569957238,7412.426750137588,135385.25672637596
2025-12-16,16847.411595626494,8226.600985221676,10136.246750553206,9062.038284333123,5503.430185633575,7187.37756882858,10224.223572024073,8377.282809565606,9490.450845335003,9683.069113309257,14302.61596246645,8201.977084310434,9504.245472424212,7300.755738836481,134047.72596846818
2025-12-17,16724.549888456928,8325.12315270936,9777.579557841322,8902.730170585648,5435.330912025827,7212.309007372583,10027.18286078592,8571.978721344423,9788.628976950831,9719.380622484166,14369.537886991591,8326.592758243327,9292.264945616334,7288.1137375571125,133761.30319896538
2025-12-18,16832.053882230295,8472.906403940888,10055.156776548778,8991.646327095865,5445.419693301049,7263.952701499448,9808.248737187976,8568.406319293435,9867.832543161285,9771.83058018126,14372.650534643924,8337.92145587359,9157.991072344492,7311.290739902624,134257.30776720488
2025-12-19,17000.988729588447,8448.275862068966,10105.05829901304,8965.712448113718,5425.242130750606,7221.21309256687,9813.722090277925,8684.509385950529,9830.560276709306,9785.951722638169,14498.712764563377,8383.236246394641,9157.991072344492,7355.53774438042,134676.71186536053
2025-12-22,17139.20815015421,8497.536945812808,9992.779873468451,9106.496362588232,5614.406779661017,7263.952701499448,9841.088855727667,8800.612452607622,9867.832543161285,10084.513020298537,14764.844138837781,8496.523222697271,9666.76631876361,7479.850756960897,136616.41212223883
2025-12-23,17292.785284116162,8399.014778325123,9930.402970388124,8895.320490876462,6199.55609362389,7292.445774121168,9830.14214954777,8793.467648505646,9676.812177594895,10062.322653580537,14612.324403873505,8564.49540847885,9716.225999232092,7484.064757387355,136749.38058965156
2025-12-29,17384.931564493338,8620.689655172415,9977.18564769837,8947.188248840755,6232.344632768361,7363.678455675465,9994.34274224623,8788.109045429166,9690.789277514388,10106.703387016538,14881.56842580024,8581.488454924245,9892.888650505442,7610.4847701810595,138072.39295826602
2025-12-30,17538.50869845529,8645.320197044335,9945.997196158205,8928.664049567795,6154.156577885391,7363.678455675465,9999.816095336178,8814.902060811572,9695.448310820884,10278.174402564722,14957.828293282377,8575.824106109114,9984.773745775776,7566.237765703262,138449.32995519033
